BL040126	BL040223	BL040322	BL040419	BL040525	BL040628	BL040719	BL040831	BL040929	BL041019	BL041116	BL041214	BL050120	BL050215	BL050309	BL050413	BL050510	BL050607	BL050705	BL050803	BL050913	BL051004	BL051108	BL051213	BL060111	BL060207	BL060307	BL060404	BL060516	BL060613	BL060704	BL060801	BL060912	BL061010	BL061107	BL061211	BL070116	BL070220	BL070320	BL070424	BL070515	BL070605	BL070703	BL070801	BL070912	BL071016	BL071113	BL071211	BL080115	BL080212	BL080311	BL080408	BL080507	BL080602	BL080702	BL080805	BL080902	BL081014	BL081113	BL081211	BL090113	BL090210	BL090317	BL090421	BL090512	BL090609	BL090721	BL090804	BL090915	BL091006	BL091105	BL091222	BL100120	BL100217	BL100322	BL100412	BL100525	BL100622	BL100706	BL100803	BL100914	BL101019	BL101116	BL101214	BL110112	BL110208	BL110314	BL110412	BL110517	BL110615	BL110704	BL110802	BL110913	BL111010	BL111129	BL111219	BL120110	BL120214	BL120313	BL120411	BL120518	BL120620	BL120703	BL120807	BL120913	BL121009	BL121106	BL121211	BL130115	BL130206	BL130312	BL130417	BL130507	BL130604	BL130709	BL130801	BL130917	BL131015	BL131105	BL131204
bp_ASV_000073	58	30	23	8	0	3	0	0	0	4	27	62	42	132	2	0	0	0	0	0	53	24	21	80	61	21	28	9	0	0	0	0	0	0	0	28	26	6	12	1	0	0	0	0	0	0	42	114	45	25	14	22	0	0	0	0	0	1	85	94	36	32	21	4	0	0	0	0	0	0	25	70	63	72	15	16	0	0	0	0	0	47	67	41	9	74	23	6	0	0	0	0	0	0	19	49	17	19	0	5	0	0	0	0	0	0	49	61	22	17	29	0	2	0	0	0	0	0	19	30
en_ASV_00103	25	10	28	20	8	2	13	0	20	32	272	674	84	25	16	0	0	0	0	0	469	103	87	99	87	12	59	0	0	0	0	39	0	31	54	536	14	28	0	0	0	0	0	0	0	33	87	27	87	22	18	0	18	0	0	0	0	14	96	96	242	0	0	0	0	0	96	33	11	30	72	170	73	20	0	0	4	0	48	10	19	35	106	116	93	48	16	9	2	0	38	11	22	23	118	107	71	85	24	15	1	0	8	0	0	0	121	99	72	109	37	24	0	0	0	0	117	32	225	292
bn_ASV_000088	45	38	21	8	0	0	0	0	0	17	20	14	40	29	21	4	0	0	0	0	0	10	28	97	40	7	12	3	0	0	0	0	0	7	21	38	56	27	27	0	4	3	2	8	2	9	8	37	29	92	21	12	0	4	0	6	6	6	13	22	7	17	5	5	0	5	0	0	0	0	31	18	11	15	7	1	0	1	0	3	1	3	19	20	22	45	9	3	3	0	0	2	3	10	19	24	14	57	13	3	5	2	0	4	6	11	12	50	44	68	18	0	6	0	0	0	0	0	21	26
bp_ASV_000244	0	9	0	0	0	0	0	0	0	2	6	17	15	33	0	0	0	0	0	0	14	0	4	12	7	4	4	0	0	0	0	0	0	0	0	17	13	10	0	0	0	0	0	0	0	0	9	12	25	10	7	0	0	0	0	0	0	6	8	0	10	12	4	0	0	0	0	0	0	0	6	8	0	19	5	0	0	0	0	0	0	14	12	33	14	10	7	0	0	0	0	0	0	3	6	15	21	14	0	1	0	0	0	0	1	3	7	10	21	27	11	0	0	0	0	0	0	4	16	5
bn_ASV_000252	16	0	14	0	0	0	0	0	0	0	0	20	0	20	14	0	0	0	0	0	0	0	0	80	33	21	13	0	0	0	0	0	0	0	19	37	80	19	7	0	0	0	0	0	0	8	6	10	25	21	13	0	0	0	0	0	0	0	4	23	7	5	3	0	0	0	0	0	0	0	7	8	5	0	9	0	0	0	0	0	0	2	12	10	9	9	9	0	0	0	0	0	0	1	11	8	9	9	21	0	0	0	0	0	0	0	18	10	14	10	14	0	0	0	0	0	0	0	15	33
bp_ASV_000088	45	23	12	6	0	0	0	0	2	2	28	34	30	46	19	0	0	2	0	0	46	8	13	48	48	18	27	0	0	0	0	0	10	4	0	24	40	24	18	0	0	0	1	0	0	0	17	29	35	32	13	17	0	1	1	9	0	11	15	0	11	15	8	11	0	0	0	0	0	0	17	31	35	45	10	5	6	0	0	0	18	25	53	73	20	27	21	3	0	0	0	7	9	0	35	26	37	29	0	1	0	0	0	0	4	10	19	28	45	65	14	3	4	0	0	0	12	5	28	30
bn_ASV_000073	57	32	22	9	0	0	0	0	0	2	64	25	44	31	30	20	2	0	0	0	0	0	16	127	67	26	28	22	0	0	0	0	0	0	42	47	56	13	12	3	0	0	0	0	0	0	30	98	30	12	12	13	4	0	0	0	0	0	42	74	26	40	18	0	0	0	0	0	0	0	21	43	24	28	14	0	3	0	0	0	0	0	20	46	25	20	14	1	1	0	0	0	0	0	30	50	18	24	9	1	0	0	0	0	0	0	36	30	0	20	4	0	0	0	0	0	0	0	15	19
bp_ASV_000279	0	9	3	0	0	0	0	0	0	0	8	37	19	0	0	0	0	0	0	0	0	0	4	50	38	6	6	0	0	0	0	0	0	0	0	0	15	0	0	0	0	0	0	0	0	0	13	14	17	0	0	0	0	0	0	0	0	0	35	18	48	4	0	0	0	0	0	0	0	0	16	37	45	26	13	0	0	0	0	0	0	0	12	6	7	12	3	0	0	0	0	0	0	0	9	11	12	10	0	0	0	0	0	0	0	0	7	8	5	0	3	1	0	0	0	0	0	0	2	24
bn_ASV_000193	23	5	13	3	0	0	0	0	0	0	0	12	27	11	27	0	0	0	0	0	0	0	11	0	24	16	7	0	0	0	0	0	0	0	8	16	6	14	0	0	0	0	0	0	0	0	14	8	19	15	4	3	0	0	0	0	0	0	9	28	25	10	4	2	0	0	0	0	0	0	5	14	17	20	2	0	0	0	0	0	0	0	11	26	24	10	4	1	0	0	0	0	0	0	4	10	22	4	6	1	0	0	0	0	0	0	13	12	2	5	1	0	0	0	0	0	0	0	3	11
bp_ASV_000193	12	6	4	0	0	0	0	0	0	1	25	24	24	49	0	0	0	0	0	0	28	0	7	30	30	16	41	0	0	0	0	0	0	2	0	13	13	14	3	0	0	0	0	0	0	0	13	20	41	16	6	0	0	0	0	0	0	0	11	8	47	6	2	0	0	0	0	0	0	0	0	21	45	18	8	0	2	0	0	0	0	0	19	30	8	19	8	0	0	0	0	0	0	0	9	8	22	34	1	1	0	0	0	0	0	0	15	18	21	15	8	3	0	0	0	0	0	0	3	23
bn_ASV_000279	0	0	9	0	0	0	0	0	0	0	14	34	24	3	14	0	0	0	0	0	0	0	6	15	28	8	6	0	0	0	0	0	0	0	5	16	1	0	0	0	0	0	0	0	0	0	16	14	16	0	1	0	0	0	0	0	0	0	31	30	14	0	4	0	0	0	0	0	0	0	11	27	19	8	8	0	0	0	0	0	0	0	8	29	26	0	9	0	0	0	0	0	0	0	5	21	17	3	6	0	0	0	0	0	0	0	3	12	0	0	2	0	0	0	0	0	0	0	6	16
bp_ASV_000311	0	2	0	0	0	0	0	0	0	0	15	36	12	20	0	0	0	0	0	0	22	0	7	15	14	4	1	0	0	0	0	0	0	1	0	9	4	0	0	0	0	0	0	0	0	4	16	13	17	2	0	0	0	0	0	0	0	1	10	2	40	0	0	0	0	0	0	0	0	0	0	21	28	9	4	0	0	0	0	0	0	4	9	26	11	7	1	0	0	0	0	0	0	2	3	6	11	25	4	1	0	0	0	0	0	0	3	18	5	10	8	0	0	0	0	0	1	0	5	31
en_ASV_00570	54	9	2	0	0	0	0	6	0	0	0	11	12	28	3	0	0	0	0	0	0	0	6	30	50	11	3	0	0	0	0	0	0	0	73	25	48	58	0	1	0	0	0	0	0	1	11	2	12	2	0	0	0	0	0	0	0	0	38	102	29	12	11	0	0	0	0	0	0	1	9	9	23	7	16	0	0	0	0	0	0	1	23	41	18	12	6	0	0	0	0	0	0	2	25	27	12	3	7	0	0	0	0	0	0	0	34	42	5	0	2	0	0	0	0	0	0	0	0	16
bn_ASV_000113	9	0	0	0	0	0	0	0	0	0	3	41	15	1	0	0	0	0	0	0	0	0	54	29	41	0	2	0	0	0	0	0	0	1	25	18	7	8	0	0	0	0	0	0	3	2	20	25	29	0	0	0	0	0	0	0	0	3	54	32	34	4	3	0	0	0	0	0	0	0	35	41	20	14	7	0	0	0	0	0	2	2	26	44	23	10	6	0	0	0	0	0	0	1	25	31	19	7	2	0	0	0	0	0	0	0	24	10	0	3	0	0	0	0	0	0	0	0	17	31
bp_ASV_000113	19	4	0	0	0	0	0	0	2	13	70	64	52	0	0	0	0	0	0	0	13	0	26	50	19	0	0	0	0	0	0	0	0	4	0	72	29	1	0	0	0	0	0	0	0	3	43	55	39	2	2	0	0	0	0	0	0	5	174	99	64	7	0	0	0	0	0	0	0	0	85	65	65	26	0	0	0	0	0	0	0	0	6	15	1	11	3	0	0	0	0	0	0	0	18	63	17	13	7	0	0	0	0	0	0	9	27	58	18	17	8	0	0	0	0	0	0	0	6	94
bn_ASV_000067	27	0	19	0	0	0	0	0	0	8	235	100	49	2	40	2	0	0	0	0	0	0	30	218	33	0	1	0	0	0	0	0	0	0	105	55	33	6	2	0	0	0	0	0	0	0	45	55	30	26	4	0	0	0	0	0	0	1	87	108	21	4	4	0	0	0	0	0	0	0	55	37	28	4	3	6	0	0	0	0	0	5	97	54	25	15	2	2	0	0	0	0	0	8	121	73	37	24	6	3	0	0	0	0	0	9	139	127	57	63	3	4	0	0	0	0	0	0	135	85
bn_ASV_000107	54	6	18	0	0	0	0	0	0	0	49	44	40	14	45	0	0	0	0	0	0	0	0	275	44	10	8	2	0	0	0	0	0	0	119	84	89	22	0	0	0	0	0	0	0	1	22	34	20	34	16	7	0	0	0	0	0	0	57	43	44	6	9	1	0	0	0	0	0	0	13	8	22	15	15	0	1	0	0	0	0	0	31	36	49	30	14	2	1	0	0	0	0	2	27	54	68	86	19	6	2	0	0	0	0	10	32	74	176	145	42	3	7	0	0	0	0	0	10	40
bn_ASV_000118	0	0	0	0	0	0	0	0	0	0	74	67	26	1	0	0	0	0	0	0	0	0	0	247	24	0	0	0	0	0	0	0	0	0	136	200	27	5	0	0	0	0	0	0	0	14	36	53	26	13	4	0	0	0	0	0	0	0	25	118	15	3	0	0	0	0	0	0	0	0	24	66	18	0	1	0	0	0	0	0	0	1	30	70	17	4	1	0	0	0	0	0	0	3	20	53	21	8	3	0	0	0	0	0	0	2	14	58	61	21	2	0	0	0	0	0	0	0	11	49
bp_ASV_000015	0	7	19	111	95	174	194	81	70	62	37	26	0	0	135	60	161	103	130	504	15	110	69	18	18	34	30	394	246	259	46	46	19	26	0	22	9	0	48	139	213	336	70	65	69	47	62	11	0	12	9	107	354	503	264	56	71	73	24	3	6	0	10	32	329	284	117	130	118	101	26	21	0	4	41	101	227	217	295	81	72	311	9	0	0	17	19	184	127	254	186	91	31	51	78	7	5	13	0	82	88	289	87	49	57	33	60	5	8	4	8	97	96	121	214	47	45	80	25	6
en_ASV_00547	6	40	4	17	0	0	0	0	34	24	13	61	31	26	22	6	0	0	0	0	0	4	20	35	48	0	20	0	0	0	0	0	0	0	8	10	19	28	0	0	0	0	0	0	0	0	30	36	37	17	9	0	0	0	0	0	0	7	19	19	23	0	0	22	14	17	0	0	0	0	6	80	39	28	13	0	3	2	0	0	0	3	15	42	30	18	5	2	3	4	0	0	0	2	19	25	26	13	7	0	1	2	0	0	0	0	26	25	19	14	2	0	0	0	0	0	0	7	21	25
en_ASV_00168	54	92	70	37	0	0	8	17	0	28	23	127	95	94	76	35	0	1	0	0	0	59	35	62	164	33	158	28	0	0	7	0	15	27	46	47	72	108	14	3	4	21	0	1	0	2	47	82	164	80	29	10	15	0	0	0	6	41	54	76	111	48	35	0	0	0	0	5	5	8	63	178	208	268	67	0	2	1	1	4	4	18	49	98	95	124	45	2	3	1	0	1	0	13	50	84	87	118	66	0	2	0	1	0	0	0	59	52	40	76	76	0	0	0	0	0	3	11	5	132
en_ASV_00683	11	15	15	9	0	0	0	0	0	11	0	45	25	14	14	14	0	0	0	0	0	0	0	16	22	0	8	0	0	0	0	0	0	0	10	18	32	29	0	0	0	0	0	0	0	0	16	49	14	29	2	0	0	0	0	0	0	4	5	15	11	0	0	0	0	0	0	0	0	0	12	57	12	21	20	0	0	0	0	0	0	2	12	27	21	6	14	0	0	0	0	0	1	0	12	21	18	5	6	0	0	0	0	0	0	0	15	9	20	0	0	0	0	0	0	0	2	0	12	25
bp_ASV_000064	0	0	0	0	54	63	36	0	0	5	0	0	0	0	6	43	52	30	9	71	0	0	0	0	0	0	0	0	45	86	65	17	13	0	0	0	0	0	0	0	75	80	23	0	0	0	0	0	0	0	0	0	22	157	20	13	10	9	0	0	0	0	0	0	180	86	57	0	37	0	0	0	0	0	0	0	0	81	148	10	0	50	0	0	0	0	0	39	42	78	43	25	0	0	0	0	0	0	0	0	30	59	13	50	7	5	3	0	0	0	0	0	10	32	49	10	8	10	4	0
en_ASV_00879	10	16	3	0	0	0	0	0	0	0	10	25	11	6	3	0	0	0	0	0	0	0	0	31	20	0	16	0	0	0	0	0	0	0	0	13	25	11	0	0	0	0	0	0	0	0	4	11	23	11	0	0	0	0	0	0	0	0	10	26	36	2	5	0	0	0	0	0	0	0	0	26	17	36	0	0	0	0	0	0	0	0	6	9	18	12	2	0	0	0	0	0	0	0	4	9	18	18	5	0	0	0	0	0	0	0	3	12	21	4	7	0	0	0	0	0	0	0	0	0
en_ASV_00053	280	58	52	0	3	0	0	0	94	72	52	151	363	206	31	0	0	0	0	0	0	104	0	559	237	17	69	55	0	0	0	0	0	15	0	288	689	486	75	0	0	0	113	0	0	50	27	241	557	24	15	26	19	0	0	0	0	47	513	612	345	63	79	0	0	0	0	0	0	18	191	185	331	247	0	0	5	0	24	0	0	26	162	359	324	255	28	3	2	2	19	0	0	11	87	379	128	259	46	1	1	2	0	0	0	0	37	388	70	284	65	0	0	3	0	0	0	0	56	355
bp_ASV_000213	18	11	6	0	0	0	0	0	0	0	18	48	25	9	0	0	0	0	0	0	29	1	19	41	30	10	5	0	0	0	0	0	0	0	0	18	19	7	3	0	0	0	0	0	0	0	6	42	11	12	1	0	0	0	0	0	0	0	36	0	50	2	3	0	0	0	0	0	0	0	34	26	54	16	9	0	0	0	0	0	0	0	17	33	11	12	2	0	0	0	0	0	0	0	11	9	19	14	11	0	0	0	0	0	0	1	15	28	12	8	3	2	0	0	0	0	0	0	4	25
bn_ASV_000213	23	11	9	0	0	0	0	0	0	0	2	25	19	4	13	0	0	0	0	0	0	0	17	14	23	4	1	0	0	0	0	0	0	0	14	17	10	12	0	0	0	0	0	0	0	0	8	13	14	1	0	0	0	0	0	0	0	0	13	29	17	6	1	0	0	0	0	0	0	0	12	13	31	9	2	0	0	0	0	0	0	0	13	16	18	4	2	1	0	0	0	0	0	0	13	14	12	4	1	2	0	0	0	0	0	0	15	9	0	0	0	5	0	0	0	0	0	0	2	24
bn_ASV_000380	0	0	0	0	0	0	0	0	0	0	15	17	17	0	0	0	0	0	0	0	0	4	0	10	0	0	0	0	0	0	0	0	0	0	3	16	0	0	0	0	1	0	0	0	7	5	2	12	13	4	0	0	0	0	0	0	0	4	4	15	21	3	1	0	0	0	0	0	0	0	4	11	20	10	0	0	0	0	0	0	2	1	4	12	11	10	2	0	0	0	0	0	0	2	5	12	10	11	2	0	0	0	0	0	0	4	4	6	16	13	4	0	0	0	0	0	0	0	5	3
bn_ASV_000170	32	18	6	0	0	0	0	0	0	0	0	11	37	8	20	0	0	0	0	0	0	0	0	0	28	9	6	0	0	0	0	0	0	0	10	10	9	17	4	0	0	0	0	0	0	0	9	24	33	11	7	1	0	0	0	0	0	0	34	43	49	10	5	0	0	0	0	0	0	0	15	39	49	24	4	0	0	0	0	0	0	0	15	33	43	19	5	0	0	0	0	0	0	0	12	19	46	19	2	0	0	0	0	0	0	0	6	7	0	23	3	0	0	0	0	0	0	0	2	25
bp_ASV_000170	30	6	8	0	0	0	0	0	0	0	12	35	42	27	0	0	0	0	0	0	41	0	7	49	45	10	4	0	0	0	0	0	0	0	0	25	17	21	7	0	0	0	0	0	0	0	12	41	37	12	7	0	0	0	0	0	0	0	23	43	40	5	2	0	0	0	0	0	0	0	29	31	61	23	8	0	0	0	0	0	0	0	67	54	30	13	6	0	0	0	0	0	0	0	3	10	12	10	0	0	0	0	0	0	0	0	9	11	10	18	9	0	0	0	0	0	0	0	3	22
en_ASV_00727	24	7	11	1	0	0	0	0	0	2	5	22	16	9	11	2	0	0	0	0	0	0	0	7	13	10	26	0	0	0	0	0	0	0	2	0	5	5	4	0	0	0	0	0	0	2	14	23	14	33	9	1	0	0	0	0	1	3	32	28	23	4	1	0	0	0	0	0	0	0	30	8	22	20	12	0	0	0	0	0	0	0	41	16	11	15	9	0	0	0	0	0	0	1	45	23	7	12	12	0	0	0	0	0	0	0	75	25	1	9	13	0	0	0	0	0	0	0	7	19
bn_ASV_000135	26	7	6	0	0	0	0	0	0	0	0	45	30	3	14	0	0	0	0	0	0	0	13	43	40	0	1	0	0	0	0	0	0	0	21	24	9	12	0	0	0	0	0	0	0	0	22	20	39	8	0	0	0	0	0	0	0	0	45	58	47	5	4	0	0	0	0	0	0	0	22	33	44	7	4	0	0	0	0	0	0	0	14	33	30	10	3	0	0	0	0	0	0	0	15	25	30	4	1	0	0	0	0	0	0	0	11	11	0	7	0	0	0	0	0	0	0	0	3	22
bp_ASV_000135	34	11	0	0	0	0	0	0	0	6	67	87	44	29	0	0	0	0	0	0	22	0	13	91	55	8	0	0	0	0	0	0	0	0	0	26	15	8	0	0	0	0	0	0	0	0	35	61	44	14	3	0	0	0	0	0	0	0	78	0	64	4	2	0	0	0	0	0	0	0	46	110	65	22	4	0	0	0	0	0	0	0	30	50	28	13	0	0	0	0	0	0	0	0	16	26	39	24	0	3	0	0	0	0	0	1	19	38	14	9	10	0	0	0	0	0	0	0	2	69
ep_ASV_00164	0	0	0	0	0	49	7	27	0	0	0	0	0	0	0	12	0	4	0	0	0	0	9	0	0	0	0	0	0	0	32	0	6	0	0	0	0	0	0	0	7	8	18	21	0	7	0	0	0	0	0	0	0	1	9	10	48	2	0	0	0	0	0	0	0	0	0	25	7	4	0	0	0	0	0	0	0	0	9	0	0	0	0	0	0	0	0	0	60	27	45	11	19	14	0	0	0	0	0	0	0	100	29	24	8	10	0	0	0	0	0	0	0	36	6	4	27	7	5	0
bp_ASV_000156	0	0	0	0	0	28	10	7	12	7	4	0	0	0	10	13	9	14	0	25	0	0	1	0	0	0	0	0	0	11	35	0	0	9	0	0	0	0	0	0	18	19	32	11	19	16	0	0	0	0	0	0	0	14	15	7	9	6	3	0	0	0	0	0	0	11	12	17	15	9	7	0	0	0	0	0	3	26	27	6	17	0	2	0	0	0	0	0	7	49	34	16	24	9	0	0	0	0	0	0	0	38	29	21	23	11	1	2	0	0	0	0	3	7	19	6	25	8	8	0
bn_ASV_000079	0	0	0	0	0	0	51	0	0	17	0	23	0	0	0	0	0	54	88	0	0	0	0	0	0	0	0	0	0	0	72	20	14	15	34	13	5	0	0	0	5	12	38	38	7	18	5	11	0	0	0	0	0	0	145	58	57	21	17	10	3	0	0	0	0	0	19	24	165	27	17	6	15	0	0	14	1	2	39	29	115	47	36	9	8	0	0	6	1	2	33	54	105	63	37	12	16	0	0	4	0	0	16	53	79	85	57	30	29	0	0	0	0	0	25	113	66	113	40	36
bn_ASV_000245	0	0	1	0	0	24	35	24	36	7	2	0	0	0	0	0	0	0	23	77	11	7	2	0	0	0	1	0	0	0	0	92	5	62	5	0	0	0	0	0	0	0	0	13	8	9	0	0	0	0	0	0	0	0	121	33	9	4	0	0	0	0	0	0	0	0	15	12	6	15	0	0	0	0	0	0	0	0	37	35	16	10	7	1	0	0	0	0	0	0	24	51	27	10	8	2	0	0	0	0	0	0	9	119	52	6	4	1	0	0	0	0	0	0	9	4	9	32	20	1
en_ASV_00059	0	0	0	0	10	27	258	2	0	5	0	0	0	0	0	0	0	15	4	0	0	0	0	0	0	0	0	0	0	26	208	77	23	66	0	0	0	0	0	0	7	49	12	85	0	0	0	0	0	0	0	0	0	1	65	853	48	25	0	0	0	0	0	0	0	0	4	99	78	0	2	0	2	0	0	0	1	4	383	253	68	72	3	0	0	0	0	0	2	7	983	313	94	207	2	0	0	0	0	0	0	9	1506	239	229	946	3	0	0	0	0	0	0	10	1694	651	6	37	2	0
bn_ASV_000069	0	0	0	0	0	18	94	16	41	0	12	0	0	1	0	0	0	0	7	0	53	0	0	0	0	0	0	0	0	19	53	106	12	0	6	0	0	0	0	0	0	0	11	22	11	0	11	0	0	0	0	0	0	0	0	21	44	4	0	0	0	3	0	0	0	2	73	22	38	21	0	0	0	0	0	0	0	6	44	21	33	11	0	0	0	0	0	0	0	3	29	16	38	20	1	0	0	1	0	0	0	1	24	25	32	22	0	2	0	0	0	0	0	0	9	60	23	8	0	1
bn_ASV_000001	112	0	52	0	24	163	1277	75	892	879	351	828	301	11	81	0	29	1386	2179	441	1752	2433	562	158	90	16	12	0	91	279	1534	1675	1921	1338	617	387	236	17	38	31	269	594	1071	2190	598	785	270	346	169	63	21	0	11	359	1025	2134	1452	1061	419	394	122	13	48	11	169	341	1584	833	2191	942	763	168	147	40	46	774	119	464	1428	1349	1768	1124	691	320	198	55	44	432	149	617	1336	1431	1667	1273	744	432	319	124	62	330	229	1042	1406	1789	1047	1539	805	610	729	221	122	83	244	1602	1347	1260	2344	1393	711	659
ep_ASV_00008	0	0	0	0	0	0	336	389	301	106	74	0	0	0	284	23	58	33	0	213	0	30	0	0	0	0	0	0	232	0	70	2756	352	578	1	0	0	0	0	0	0	0	49	240	138	51	0	30	0	0	0	0	0	0	9	374	499	405	0	0	0	0	0	0	0	0	114	138	182	124	0	0	0	0	0	0	0	0	156	190	0	47	0	0	0	0	0	47	12	1	74	244	152	68	0	0	0	0	0	0	0	76	21	247	118	93	0	0	0	0	0	0	411	15	168	811	148	17	18	0
ep_ASV_00158	0	0	0	0	0	24	35	34	8	8	0	3	0	0	0	1	0	50	0	0	0	0	11	0	0	0	0	0	0	16	106	24	0	11	0	1	0	0	0	0	14	13	36	12	4	7	4	0	0	0	0	0	0	8	2	0	3	8	0	0	0	0	0	0	0	6	1	24	2	5	2	1	0	0	0	0	0	47	7	3	0	0	0	0	0	0	0	0	3	87	35	3	34	24	3	0	0	0	0	0	0	30	33	41	17	21	1	0	0	0	0	0	0	0	50	1	2	0	0	0
en_ASV_00406	34	52	24	15	0	0	0	0	0	0	0	58	17	62	16	12	0	0	0	0	0	0	0	0	86	102	47	0	0	0	0	0	0	0	0	0	30	104	0	0	0	0	0	0	0	0	17	0	61	0	0	0	0	0	0	0	0	0	12	26	76	47	42	0	0	0	0	0	0	0	0	0	37	123	0	0	0	0	0	0	0	0	22	17	44	83	16	0	0	0	0	0	0	0	15	29	61	69	30	0	0	0	0	0	0	0	21	50	52	88	49	0	0	0	0	0	0	0	0	13
en_ASV_01073	2	0	3	0	4	0	0	0	0	0	6	0	3	3	1	0	0	0	0	0	0	0	0	1	0	0	4	0	0	0	0	0	0	3	0	5	7	5	8	0	0	0	0	0	0	0	11	11	16	0	4	0	1	0	0	0	0	5	29	7	10	1	3	0	0	0	0	0	0	0	6	7	11	0	9	0	0	0	0	0	0	2	9	9	3	2	16	0	0	0	0	0	0	0	12	13	2	2	33	0	0	0	0	0	0	0	12	11	0	1	50	0	0	0	0	0	0	0	0	0
bp_ASV_000271	18	5	0	0	0	0	0	0	0	0	3	0	20	11	0	0	0	0	0	0	19	0	0	11	8	7	3	0	0	0	0	0	0	0	0	33	18	6	0	0	0	0	0	0	0	0	6	17	0	12	9	0	0	0	0	0	0	0	20	0	23	11	8	0	0	0	0	0	0	0	8	17	21	33	9	0	0	0	0	0	0	0	25	34	21	7	7	0	0	0	0	0	0	0	0	0	18	18	0	3	0	0	0	0	0	0	3	17	13	28	12	0	0	0	0	0	0	0	1	8
bp_ASV_000222	18	8	0	0	0	0	0	0	0	0	6	12	20	0	0	0	0	0	0	0	34	0	0	23	19	0	4	0	0	0	0	0	0	0	0	16	24	22	0	0	0	0	0	0	0	1	0	23	43	26	11	0	0	0	0	0	0	0	13	135	27	23	13	0	0	0	0	0	0	0	5	17	52	25	11	0	0	0	0	0	0	0	14	21	14	26	16	0	0	0	0	0	0	0	0	6	18	20	12	0	0	0	0	0	0	0	0	16	14	8	28	3	0	0	0	0	0	0	0	7
en_ASV_00504	7	5	5	0	0	0	0	0	0	0	0	10	0	12	5	0	0	0	0	0	0	0	8	35	20	0	0	0	0	0	0	0	0	0	15	46	10	0	21	0	0	0	0	0	0	2	9	0	25	133	0	0	0	0	0	0	0	0	13	25	24	0	0	0	0	0	0	0	0	0	0	26	32	17	0	0	0	0	0	0	0	3	11	35	81	37	8	6	2	0	0	0	0	2	20	46	125	66	21	24	14	0	0	0	0	26	22	78	153	82	37	34	15	0	0	0	0	0	0	67
en_ASV_00636	44	5	15	0	0	0	0	0	2	2	2	10	19	6	14	0	0	0	0	0	0	4	0	0	13	9	11	0	0	0	0	0	0	0	51	3	4	11	0	3	0	0	0	0	0	0	19	0	29	19	7	2	2	0	0	0	1	1	10	13	90	9	6	0	0	0	0	0	0	5	2	6	88	28	20	0	0	0	0	0	0	5	20	11	45	20	21	0	0	0	0	0	0	3	27	28	31	25	24	0	0	0	0	0	0	0	45	40	17	26	34	0	0	0	0	0	0	0	0	35
bp_ASV_000230	24	18	20	0	0	0	0	0	0	1	4	10	22	23	0	0	0	0	20	0	60	27	6	7	14	21	0	0	0	0	0	0	0	1	0	0	9	18	6	6	0	0	0	0	0	0	6	14	29	21	5	19	0	3	0	0	0	0	13	0	15	17	8	10	0	0	0	0	0	0	0	12	33	13	14	17	10	0	0	0	0	0	7	14	0	14	13	10	0	0	0	0	0	0	3	4	10	30	13	2	2	0	0	0	0	0	4	16	7	13	19	6	0	1	0	0	0	0	0	4
ep_ASV_00032	10	2	307	21	0	0	0	0	0	0	0	0	45	12	0	0	0	0	0	0	65	52	0	3	35	97	151	0	2	0	0	0	0	0	0	2	23	148	122	6	0	0	0	0	0	0	4	21	33	139	101	468	58	0	0	0	0	0	7	24	54	67	112	37	3	3	0	0	0	0	4	0	9	24	166	68	0	0	0	0	0	0	29	0	10	32	144	15	1	0	0	0	0	0	0	1	5	86	133	56	19	0	2	0	0	1	16	20	36	101	251	62	448	7	0	0	1	2	0	12
bp_ASV_000017	81	347	197	1149	20	2	0	0	0	0	61	18	22	92	1	0	0	0	470	0	99	673	107	29	78	491	598	1099	617	121	0	0	0	0	0	17	51	34	711	306	0	0	0	0	0	0	0	0	35	356	465	626	177	23	0	0	0	0	0	0	32	334	182	631	138	0	0	0	0	0	0	19	26	28	58	95	0	0	3	0	0	6	1	7	81	151	83	12	0	33	0	0	0	0	355	59	28	21	0	31	68	0	0	0	0	0	3	4	49	41	170	33	143	3	0	0	1	0	2	2
bn_ASV_000333	0	21	16	2	0	0	0	0	0	0	0	0	0	10	8	0	0	0	0	0	0	0	0	0	17	0	12	0	0	0	0	0	0	4	3	20	12	7	54	0	0	0	0	0	0	0	3	0	3	23	12	5	0	0	0	0	0	0	0	0	6	14	5	0	0	0	0	0	0	0	1	4	14	5	4	0	0	0	0	0	0	0	2	1	6	16	5	1	0	0	0	0	0	0	6	2	4	13	5	0	0	0	0	0	0	0	9	3	0	3	0	0	0	0	0	0	0	0	2	1
en_ASV_00206	63	28	15	15	2	0	7	0	0	3	38	41	28	26	7	8	0	6	9	0	0	0	14	54	67	21	12	0	0	0	0	4	0	0	21	0	49	16	16	0	0	0	0	2	0	11	60	21	31	153	150	0	0	0	0	0	0	0	52	28	50	0	0	4	5	2	0	0	0	0	51	0	30	35	9	25	1	3	0	0	1	16	76	52	140	67	17	25	4	2	0	0	4	33	100	81	235	94	12	21	6	3	0	0	13	125	105	138	309	110	27	30	9	1	0	0	0	0	144	233
en_ASV_00112	42	64	24	136	0	2	0	0	0	0	0	61	69	118	22	14	0	0	0	0	0	0	28	30	108	153	33	5	0	2	16	0	0	0	39	18	29	165	25	721	15	126	0	0	0	13	79	0	63	101	27	33	15	0	0	0	0	0	10	80	116	0	0	25	35	32	0	0	0	0	41	91	56	127	126	43	18	28	1	0	0	3	48	51	64	99	78	120	30	9	2	0	0	6	27	50	61	111	67	60	16	1	1	0	0	0	48	36	61	115	41	56	12	0	1	0	0	5	8	69
ep_ASV_00018	103	135	151	38	31	0	0	0	14	23	27	44	227	13	0	0	0	0	0	0	45	32	14	166	350	82	0	9	6	0	0	0	0	0	0	6	109	177	23	0	0	0	0	0	0	0	12	287	92	51	68	23	0	0	0	0	0	0	74	145	341	34	39	0	20	0	0	0	0	0	5	34	383	284	101	38	0	3	0	0	0	0	20	15	7	77	105	10	7	0	0	0	0	0	27	0	72	123	0	21	0	0	0	0	0	0	60	129	114	107	108	3	20	0	0	0	0	0	9	84
bp_ASV_000036	55	231	73	195	8	6	0	2	0	3	4	0	5	164	28	0	0	0	83	4	30	227	14	9	16	75	210	161	112	57	0	0	2	1	0	7	21	30	224	51	0	4	0	0	0	6	24	3	0	31	110	49	14	8	3	0	8	4	6	12	0	245	18	84	38	57	0	0	6	21	14	13	12	19	33	9	108	21	8	0	0	40	4	17	54	21	39	17	7	42	0	0	9	1	146	6	5	4	0	5	74	6	1	0	0	19	2	3	8	23	125	0	52	2	9	0	2	1	0	2
bn_ASV_000244	21	17	7	0	0	0	0	0	0	9	0	0	31	4	9	0	0	0	0	0	0	0	0	8	7	5	2	0	0	0	0	0	0	0	3	4	14	5	8	0	0	0	0	0	4	4	8	15	9	33	12	2	0	0	0	0	0	0	5	6	9	13	6	0	0	0	0	1	0	0	10	7	4	9	6	0	0	0	0	1	0	2	8	5	4	19	7	0	0	0	0	1	0	9	10	7	14	20	8	0	0	0	0	0	5	15	6	10	18	21	7	0	0	0	0	0	0	0	9	7
bn_ASV_000078	47	121	45	47	0	0	0	0	0	0	0	6	16	54	27	0	21	0	0	0	0	0	30	0	22	57	49	0	6	29	0	0	0	0	10	11	52	24	106	12	9	3	3	0	0	0	7	3	5	29	41	13	20	20	1	0	0	0	2	9	10	70	8	11	2	7	0	0	0	1	2	6	7	18	11	0	10	8	0	0	1	0	8	10	8	49	14	6	8	7	0	0	0	3	5	8	4	36	30	4	8	5	0	0	0	9	4	8	0	45	36	6	7	8	0	0	0	0	7	9
en_ASV_00016	1182	575	2429	50	0	0	0	0	10	0	14	49	572	497	3071	19	0	0	0	0	0	0	18	103	1010	944	615	0	0	0	0	0	0	0	19	0	69	113	58	1	0	0	0	0	0	0	2	181	101	788	131	6	0	0	0	0	0	0	4	49	241	193	163	1	5	3	0	0	0	0	2	0	242	606	1705	8	8	0	0	0	0	0	7	65	237	427	1125	44	15	0	0	0	0	0	4	43	318	399	1124	102	23	0	0	0	0	0	5	11	359	367	980	146	31	0	0	0	0	0	0	6
bn_ASV_000197	29	38	13	19	0	0	0	0	0	5	0	7	15	28	16	0	0	0	0	0	0	0	0	0	14	38	23	0	0	0	0	0	0	0	4	19	14	15	14	0	8	0	0	0	0	0	0	0	7	7	0	11	0	0	0	0	0	1	0	0	13	16	14	0	5	0	0	0	0	0	0	8	10	18	24	0	5	0	0	0	0	0	2	5	10	18	15	1	2	0	0	0	0	0	0	3	12	7	19	0	2	0	0	0	0	0	0	9	0	0	15	0	0	0	0	0	0	0	0	0
bn_ASV_000230	13	40	17	6	0	0	0	0	0	0	0	9	21	16	39	33	0	0	0	0	0	0	0	0	26	6	3	0	0	0	0	0	0	0	2	2	18	9	7	0	3	0	0	0	0	0	11	4	22	7	8	8	7	0	0	0	0	0	6	11	22	5	11	5	0	0	0	0	0	0	5	6	14	34	8	0	3	0	0	0	0	0	5	9	23	10	12	1	0	0	0	0	0	0	7	6	8	14	17	0	0	0	0	0	0	0	9	3	0	15	14	0	0	0	0	0	0	0	2	4
bn_ASV_000089	24	134	28	37	3	0	0	0	0	0	84	0	0	41	13	0	13	0	0	0	5	11	100	61	83	32	30	49	1	4	0	0	2	0	22	43	39	27	39	69	0	0	0	0	4	12	18	0	1	8	12	88	5	0	0	0	0	8	0	29	8	47	12	15	0	10	0	6	0	0	8	20	39	21	12	0	1	6	0	1	0	0	9	14	8	19	10	5	5	3	0	1	2	2	10	5	20	15	11	9	1	5	0	0	0	0	4	2	0	1	10	0	0	0	0	0	0	0	9	5
en_ASV_00092	119	205	239	43	0	0	0	0	9	1	13	84	45	146	221	17	0	0	0	0	0	4	0	7	125	85	685	0	9	0	0	0	0	0	5	1	6	101	36	8	0	0	0	0	0	0	39	58	490	87	53	25	5	0	0	0	2	0	42	47	211	193	187	8	6	3	0	0	0	0	21	48	250	499	74	0	4	2	0	0	0	0	54	68	141	351	135	7	1	0	0	0	1	0	58	77	102	361	226	2	0	1	0	0	0	0	95	129	41	382	269	2	0	0	0	0	0	0	0	59
en_ASV_00983	1	8	7	4	0	0	3	0	0	10	8	8	5	5	8	7	0	0	2	0	0	0	4	10	7	0	5	0	0	0	0	0	0	11	0	0	4	5	1	0	0	0	0	1	0	0	4	18	11	1	7	0	0	0	0	0	0	0	12	5	16	4	4	0	0	0	0	0	0	0	2	26	22	27	6	0	0	0	0	0	0	0	4	13	9	21	5	0	0	0	0	0	0	0	6	16	7	22	9	0	1	0	0	0	0	0	11	6	1	11	11	0	0	0	0	0	0	0	2	5
bn_ASV_000607	11	5	0	0	0	0	0	0	0	0	0	0	6	8	0	0	0	0	0	0	0	0	0	22	10	2	0	0	0	0	0	0	0	0	3	14	14	4	0	0	0	0	0	0	0	0	0	7	4	12	0	0	0	0	0	0	0	0	8	18	11	1	1	0	0	0	0	0	0	0	0	2	10	1	3	0	0	0	0	0	0	0	0	2	14	7	2	0	0	0	0	0	0	1	3	4	15	4	3	0	0	0	0	0	0	4	3	14	37	12	6	0	0	0	0	0	0	0	5	0
bn_ASV_000102	34	0	29	3	1	0	0	0	4	13	10	54	58	19	28	15	0	0	0	0	0	0	35	30	62	24	15	0	0	1	0	0	0	0	17	29	5	28	32	10	3	1	1	0	4	0	17	25	35	13	5	14	0	0	0	0	0	2	35	54	44	23	12	1	0	4	0	0	0	0	12	32	41	26	14	0	2	1	1	0	1	1	14	23	32	12	10	1	1	1	2	1	0	0	7	19	33	16	19	1	0	2	0	0	0	0	7	12	5	1	6	2	0	0	0	0	0	0	6	22
en_ASV_00310	0	0	0	0	9	3	9	0	0	0	0	0	0	0	0	0	0	2	27	0	0	0	0	0	0	0	0	0	0	8	18	10	22	0	0	0	0	0	0	6	0	0	7	123	0	0	0	0	0	0	0	0	54	16	60	85	44	0	0	0	0	0	0	0	0	0	16	10	246	0	0	0	0	0	0	0	12	7	17	82	173	2	0	0	0	0	0	0	11	21	20	66	145	2	0	0	0	0	0	0	3	17	16	81	121	0	0	0	0	0	0	0	0	21	10	91	44	28	0	0
bp_ASV_000398	6	4	9	2	0	0	0	0	0	2	1	0	13	19	0	0	0	0	0	0	7	0	1	6	1	7	13	0	0	0	0	0	0	0	0	0	12	0	1	0	0	0	0	0	0	0	0	3	6	12	6	5	0	0	0	0	0	0	0	0	3	2	4	7	0	0	0	0	0	0	0	6	0	14	11	5	0	0	0	0	0	0	9	12	6	8	19	0	0	0	0	0	0	0	1	1	3	9	65	0	0	0	0	0	0	0	1	4	7	11	10	2	0	0	0	0	0	0	0	6
en_ASV_00327	0	0	0	0	6	1	28	7	0	1	0	0	0	0	0	0	73	40	1	11	0	0	0	0	0	0	0	0	1	25	7	35	55	18	0	0	0	0	0	3	4	25	11	80	0	5	0	0	0	0	0	0	8	31	45	475	225	28	0	0	0	0	0	0	0	0	4	72	2	0	0	0	0	0	0	0	2	5	13	111	26	9	0	0	0	0	0	0	1	2	11	90	23	6	0	0	4	0	0	0	1	2	8	20	0	0	0	0	3	0	0	0	0	0	7	20	0	0	0	0
bp_ASV_000063	0	0	0	0	17	73	35	2	0	5	2	0	0	0	14	17	82	49	154	63	0	0	22	0	0	0	0	0	56	88	39	8	71	6	0	0	0	0	0	22	74	14	26	35	0	0	4	0	0	0	0	0	59	74	58	104	86	12	0	0	0	0	0	5	62	25	32	53	82	17	16	0	0	0	0	0	0	32	156	0	71	10	0	0	0	0	0	0	12	219	14	34	31	16	3	0	1	0	0	0	12	52	37	18	54	36	8	0	0	0	0	0	9	12	28	14	47	2	3	0
bp_ASV_000302	9	22	13	0	0	0	0	0	0	0	0	0	13	24	0	0	0	0	0	0	33	3	0	9	18	6	7	0	0	0	0	0	0	0	0	33	8	0	8	0	0	0	0	0	0	0	0	7	19	27	5	8	0	0	0	0	0	0	0	0	15	18	8	0	0	0	0	0	0	0	0	4	0	25	7	0	0	0	0	0	0	0	4	10	11	29	0	0	0	0	0	0	0	0	0	4	2	11	0	0	0	0	0	0	0	0	6	7	25	32	15	0	0	0	0	0	0	0	0	9
en_ASV_00253	0	0	0	0	15	1	78	3	0	0	0	0	0	0	0	0	77	1	14	0	0	0	0	0	0	0	0	0	0	11	32	150	0	0	0	0	0	0	0	1	1	0	18	11	0	0	0	0	0	0	0	0	4	0	629	44	3	3	0	0	0	0	0	0	0	0	16	10	3	0	0	0	0	0	0	0	2	3	177	39	0	4	0	0	1	0	0	0	4	2	271	81	5	6	0	0	0	0	0	0	3	7	334	58	8	15	0	0	1	0	0	0	5	3	348	272	0	10	0	0
ep_ASV_00047	25	0	44	0	0	0	0	10	24	0	0	29	86	61	1	0	0	0	0	0	28	0	2	13	16	43	19	0	3	4	0	0	10	5	0	40	126	28	38	0	0	1	0	0	0	8	52	0	37	39	5	47	0	0	0	0	7	6	10	23	111	29	23	42	1	0	1	0	0	15	15	12	79	16	27	52	5	0	0	16	0	17	25	3	70	33	26	3	0	12	13	23	32	4	0	100	131	116	0	6	5	18	1	1	1	40	51	92	157	77	75	23	103	2	0	0	13	4	0	40
en_ASV_00110	0	0	0	0	0	48	162	40	0	0	0	0	0	0	0	0	0	86	122	51	0	0	0	0	0	0	0	0	8	8	139	183	64	15	0	0	0	0	0	13	48	100	27	4	0	3	0	0	0	0	0	0	0	0	32	58	0	55	0	0	0	0	0	0	0	0	187	103	8	0	0	0	0	0	0	0	13	8	234	132	10	19	0	0	0	0	0	2	13	9	370	202	4	17	0	0	0	0	0	0	8	5	567	513	3	48	0	0	0	0	0	0	11	9	641	64	0	0	0	0
bn_ASV_000226	25	22	11	0	0	0	0	0	0	0	0	7	23	17	12	0	0	0	0	0	0	0	0	5	33	12	12	0	0	0	0	0	0	0	2	8	9	15	0	0	0	0	0	0	0	0	6	15	25	10	10	1	0	0	0	0	0	0	7	9	37	18	11	0	0	0	0	0	0	0	2	19	17	29	22	0	0	0	0	0	0	0	4	12	21	22	11	0	0	0	0	0	0	0	6	10	21	9	6	0	0	0	0	0	0	0	2	5	0	0	3	0	0	0	0	0	0	0	0	6
bn_ASV_000005	135	17	594	21	41	0	0	0	27	56	75	97	187	149	1177	356	218	34	0	0	49	28	44	78	113	97	118	0	532	102	0	0	0	16	28	57	230	152	120	54	44	56	11	2	0	5	66	378	305	669	274	291	274	205	25	6	0	14	82	181	122	76	1396	85	22	114	9	2	10	16	69	27	135	148	596	557	242	105	6	3	9	20	79	102	197	384	984	737	391	131	3	5	9	49	73	182	274	710	1366	1351	802	124	4	10	18	67	96	298	622	1425	2288	2645	1142	132	0	0	17	20	20	157
bp_ASV_000242	0	0	0	0	0	3	41	21	5	4	3	0	0	0	21	14	17	26	0	0	0	0	2	0	0	0	0	0	0	0	8	9	0	2	0	0	0	0	0	0	0	5	5	5	36	15	0	0	0	0	0	0	0	0	7	2	0	13	0	0	0	0	0	0	0	0	20	21	55	15	3	0	0	0	0	0	0	5	6	4	0	0	0	0	0	0	0	0	6	0	21	15	5	12	0	0	0	0	0	0	0	26	48	25	13	6	0	1	0	0	0	0	0	0	19	26	11	9	0	0
en_ASV_01063	1	9	6	21	0	0	0	0	0	6	0	9	9	8	8	26	0	0	0	0	0	0	10	6	17	0	11	3	1	0	0	0	0	0	4	8	8	9	0	0	0	0	0	0	0	0	6	12	9	24	5	1	0	0	0	0	0	0	1	0	0	0	0	6	5	7	0	0	0	0	0	17	4	7	9	0	2	2	0	0	0	0	3	5	7	1	5	1	0	1	0	0	0	0	4	4	8	2	4	1	0	2	0	0	0	0	7	5	9	0	4	0	0	0	0	0	0	0	0	4
bp_ASV_000117	0	0	0	0	0	15	35	6	10	9	0	4	0	0	16	0	48	39	0	83	0	0	2	0	0	0	0	0	0	43	35	6	6	12	0	0	0	0	0	0	0	29	31	10	11	13	5	0	0	0	0	0	0	24	57	17	0	11	6	0	0	0	0	0	0	49	16	22	28	23	6	3	0	0	0	0	10	81	22	5	32	0	0	0	0	0	0	0	39	8	40	17	5	20	0	1	0	0	0	0	1	118	55	11	18	12	12	3	0	1	0	0	0	24	24	28	2	10	1	1
bn_ASV_000540	6	13	3	0	0	0	0	0	0	0	0	0	0	4	0	0	0	0	0	0	0	0	0	8	8	3	5	0	0	0	0	0	0	0	4	5	20	4	3	0	0	0	0	0	0	0	0	0	0	7	7	0	0	0	0	0	0	0	3	0	2	4	3	0	0	0	0	0	0	0	0	2	3	1	29	0	0	0	0	0	0	0	2	5	3	2	21	2	0	0	0	0	0	0	4	11	12	5	22	2	0	0	0	0	0	0	11	13	23	8	30	7	0	0	0	0	0	0	1	11
bp_ASV_000290	20	7	4	0	0	0	0	0	0	0	4	4	16	11	0	0	0	0	0	0	40	0	1	10	19	5	0	0	0	0	0	0	0	0	0	8	7	16	0	0	0	0	0	0	0	0	4	31	30	22	8	2	0	0	0	0	0	0	6	0	32	10	8	0	0	0	0	0	0	0	9	12	28	23	6	0	0	0	0	0	0	0	5	5	8	15	6	0	0	0	0	0	0	0	0	8	9	23	10	0	0	0	0	0	0	0	4	8	19	12	12	0	0	0	0	0	0	0	0	10
bn_ASV_000012	50	0	11	0	8	30	245	43	233	174	110	270	82	6	37	0	9	267	344	103	294	222	111	91	39	8	0	0	40	70	216	275	88	157	129	115	72	0	0	0	58	99	134	184	26	22	28	53	31	18	0	0	0	61	152	255	152	80	112	104	57	8	16	0	35	105	232	119	404	109	101	37	66	19	15	220	32	130	225	169	256	146	162	93	81	20	29	125	34	158	333	235	261	246	239	161	105	55	42	77	52	284	374	375	200	418	329	232	330	111	85	34	76	456	471	323	226	275	229	235
en_ASV_00109	128	31	180	40	0	0	0	0	0	13	1	56	205	74	236	22	0	0	0	0	0	0	11	7	198	95	168	0	28	4	0	0	0	0	67	7	11	63	60	6	0	10	0	1	0	3	51	17	158	281	46	81	9	0	0	0	5	2	22	44	328	70	73	37	36	39	0	0	0	0	34	41	334	121	75	0	24	21	0	0	0	0	67	90	181	147	171	9	8	8	0	0	1	1	73	164	163	199	316	17	16	4	0	0	0	0	113	207	102	187	439	11	9	0	0	0	0	4	12	473
bp_ASV_000022	0	6	0	0	0	42	229	68	120	99	17	21	12	0	110	172	119	181	0	42	0	0	31	31	18	24	19	0	0	0	81	165	258	116	0	0	0	0	0	0	21	25	76	109	117	99	26	18	0	0	0	0	0	11	69	104	122	142	23	0	19	0	0	0	0	24	105	195	181	184	34	26	0	10	0	0	0	129	39	44	140	116	16	23	5	18	20	0	82	41	214	123	109	146	20	16	21	12	0	3	2	109	114	398	116	114	55	56	26	19	9	5	5	23	163	348	135	135	12	14
bp_ASV_000226	19	7	9	0	0	0	0	0	0	0	4	6	20	58	0	0	0	0	0	0	44	0	0	10	24	11	19	0	0	0	0	0	0	0	0	10	26	22	3	0	0	0	0	0	0	0	6	20	36	18	3	0	0	0	0	0	0	0	9	0	32	9	14	1	0	0	0	0	0	0	0	15	30	19	12	0	0	0	0	0	0	0	4	16	24	34	14	0	0	0	0	0	0	0	0	5	15	18	1	0	0	0	0	0	0	0	3	20	19	18	26	0	0	0	0	0	0	0	0	11
bn_ASV_000304	28	23	17	4	0	0	0	0	0	0	0	0	15	11	16	0	0	0	0	0	0	0	0	0	15	5	10	0	0	0	0	0	0	0	0	4	6	9	0	0	3	1	0	0	0	0	0	6	8	6	9	7	9	0	0	0	0	0	0	9	6	22	13	16	0	0	0	0	0	0	0	6	5	8	11	0	1	0	0	0	0	0	0	6	6	6	13	3	1	1	0	0	0	0	0	6	6	5	9	3	1	0	0	0	0	0	0	2	0	0	3	0	0	0	0	0	0	0	0	2
bp_ASV_000334	3	31	5	7	0	0	0	0	0	0	6	13	0	13	0	0	0	0	0	0	18	15	9	13	5	24	16	0	0	0	0	0	0	0	0	0	6	15	20	0	0	0	0	0	0	0	0	0	0	5	21	33	6	2	0	0	0	0	0	0	5	16	10	16	0	0	0	0	0	0	0	5	11	14	12	16	0	0	0	0	0	15	1	5	8	13	31	16	0	0	0	0	0	0	9	1	7	3	0	7	0	0	0	0	0	0	9	4	4	5	13	3	6	0	0	0	0	0	2	3
bp_ASV_000087	0	0	0	0	0	6	39	19	27	10	3	22	14	0	10	6	5	28	0	0	0	0	9	9	1	0	0	0	0	4	13	15	6	30	5	3	3	0	0	0	16	21	17	38	8	6	8	0	10	0	0	0	0	8	16	22	35	52	2	0	11	0	0	0	0	9	33	31	19	15	16	2	0	0	0	0	26	3	19	66	48	7	18	22	1	4	0	3	9	2	13	23	12	18	5	2	4	0	0	3	0	3	20	10	7	21	5	7	6	4	1	1	1	30	22	34	11	53	44	11
bn_ASV_000025	31	0	0	0	0	45	156	50	189	77	38	84	0	0	0	0	0	100	172	0	109	68	37	0	0	0	0	0	0	17	54	65	84	91	26	37	17	0	0	0	0	11	61	86	39	21	12	0	0	0	0	0	0	12	37	88	73	80	19	26	6	0	0	0	0	0	43	76	192	103	22	13	10	0	0	23	1	19	68	98	147	171	54	29	12	7	1	12	4	37	101	166	176	230	102	77	28	13	9	8	12	83	175	332	234	280	141	135	99	21	8	0	13	150	222	117	154	543	70	25
en_ASV_00167	0	0	0	3	12	273	19	72	0	0	20	0	0	0	0	0	0	17	5	251	0	41	12	28	0	0	0	0	0	5	8	175	28	0	14	4	5	0	3	33	44	72	1	36	0	8	14	0	0	0	7	172	3	10	33	208	91	7	0	51	0	0	0	0	0	0	5	313	0	11	110	34	2	0	0	0	12	4	4	181	10	7	35	17	1	0	0	17	13	0	3	113	9	6	24	6	0	0	1	6	0	1	3	58	0	0	33	0	0	0	0	0	0	0	0	0	0	0	2	0
bp_ASV_000341	0	0	0	0	0	7	3	1	0	2	1	0	0	0	0	6	23	0	5	0	0	0	1	0	0	0	0	0	0	0	14	13	8	3	0	0	0	0	0	0	0	0	13	0	11	6	0	0	0	0	0	0	0	0	3	1	15	5	0	0	0	0	0	0	0	0	0	6	0	0	8	0	0	0	0	0	0	6	13	6	36	0	0	0	0	0	0	0	5	22	4	17	4	9	0	2	0	0	0	0	5	0	7	7	9	8	3	1	0	0	0	0	5	3	7	2	10	6	5	0
bn_ASV_000222	23	28	14	0	0	0	0	0	0	0	0	6	15	12	30	0	0	0	0	0	0	0	0	0	24	18	4	0	0	0	0	0	0	0	0	6	4	10	0	0	0	1	0	0	0	0	11	13	19	9	13	0	0	0	0	0	0	0	4	18	15	17	13	0	0	0	0	0	0	0	6	11	18	21	8	0	0	0	0	0	0	1	5	13	19	12	4	0	0	2	0	0	0	2	3	7	13	7	3	0	0	0	0	0	0	0	6	11	0	0	0	0	0	0	0	0	0	0	0	13
en_ASV_00696	14	8	3	0	0	0	0	0	0	0	0	16	19	3	6	0	0	0	0	0	0	0	0	1	17	3	8	0	0	0	0	0	0	0	35	11	5	19	2	3	0	0	0	0	0	7	52	0	19	7	1	0	0	0	0	0	0	0	16	26	32	0	0	0	0	0	0	0	0	0	18	13	14	24	27	0	0	0	0	0	0	1	16	23	29	16	17	1	0	0	0	0	0	2	34	31	41	23	13	5	0	0	0	0	0	0	47	35	33	25	15	4	0	0	0	0	0	0	0	21
ep_ASV_00002	131	85	866	45	0	6	0	6	0	13	4	188	824	721	0	9	12	1	90	0	414	31	33	109	462	605	207	5	62	37	0	0	0	13	0	58	639	252	776	60	6	4	2	1	0	24	135	130	177	535	67	771	102	17	0	0	6	2	35	173	511	325	154	324	56	16	5	0	1	1	74	26	280	89	143	200	59	10	0	0	0	149	473	106	198	477	239	14	42	21	0	8	29	6	18	524	773	496	276	98	147	11	15	0	5	105	135	724	1202	581	1089	93	2450	70	2	0	31	8	4	709
bn_ASV_000280	20	0	11	0	0	0	0	0	0	0	0	0	14	14	19	0	0	0	0	0	0	0	0	27	21	3	6	0	0	0	0	0	0	0	0	5	44	20	18	0	0	0	0	0	0	0	0	6	33	21	7	0	0	0	0	0	0	0	0	11	10	28	3	0	0	0	0	0	0	0	0	9	11	22	3	0	0	0	0	0	0	0	2	9	11	32	10	0	0	0	0	0	0	0	1	6	12	40	6	0	0	0	0	0	0	0	4	14	12	62	27	0	0	0	0	0	0	0	0	3
bn_ASV_000017	103	356	359	839	6	0	0	0	0	0	21	8	6	334	36	761	327	0	0	0	2	0	89	6	54	481	636	126	153	88	0	0	0	0	6	10	27	57	654	420	4	0	0	0	0	0	1	2	18	232	470	295	126	15	0	0	0	0	0	13	33	254	88	337	0	0	0	2	0	0	0	7	19	22	37	3	53	9	0	1	0	0	2	10	21	89	131	103	34	3	0	1	0	0	4	3	14	79	68	68	32	1	0	0	0	0	0	1	8	4	31	6	5	0	0	0	0	0	5	2
bn_ASV_000692	6	0	13	0	0	0	0	0	0	0	0	0	9	5	38	0	0	0	0	0	0	0	0	0	11	1	5	0	0	0	0	0	0	0	3	0	2	0	0	0	0	0	0	0	0	0	0	3	6	6	0	0	0	0	0	0	0	0	0	0	11	1	0	0	0	0	0	0	0	0	0	2	12	4	7	0	0	0	0	0	0	0	0	3	6	2	0	0	0	0	0	0	0	0	0	5	3	5	1	0	0	0	0	0	0	0	0	0	0	0	0	0	0	0	0	0	0	0	0	4
en_ASV_00119	48	39	85	63	0	0	0	0	9	11	26	86	296	115	109	111	0	0	0	0	0	0	0	159	201	44	160	18	12	0	0	0	0	0	0	11	136	230	28	0	0	0	0	0	0	0	9	190	98	31	34	0	0	0	0	0	0	0	51	153	172	27	29	7	9	8	0	0	0	0	26	92	417	369	115	43	2	3	0	0	0	0	34	150	199	221	133	20	3	4	0	0	0	0	37	120	119	163	133	10	2	2	0	0	0	0	48	102	81	121	133	0	0	0	0	0	0	0	25	104
bn_ASV_000043	0	0	0	0	0	26	98	11	12	8	5	0	0	0	0	0	11	29	16	0	40	26	0	0	0	0	0	0	0	40	64	16	6	11	5	0	0	0	0	0	35	92	33	10	54	44	3	0	0	0	0	0	0	53	14	4	17	17	0	0	0	0	0	0	120	150	35	32	96	24	2	0	0	0	0	7	37	110	53	37	59	30	4	0	0	0	0	2	49	106	87	70	48	55	5	1	0	0	0	4	17	68	98	136	45	53	10	2	0	0	0	0	0	15	136	42	20	156	11	0
bn_ASV_000301	10	31	1	49	0	0	0	0	0	0	0	0	0	7	0	95	37	0	0	0	0	0	0	0	0	6	8	45	9	2	0	0	0	0	0	0	0	0	0	19	3	0	0	0	0	0	0	1	2	19	20	36	7	4	0	0	0	0	0	0	1	11	2	25	0	2	0	0	0	0	0	0	0	0	1	0	8	0	0	0	0	0	0	0	0	3	2	13	14	2	0	0	0	0	0	0	0	8	6	10	33	2	0	0	0	0	0	0	0	10	3	10	33	0	0	0	0	0	0	0
ep_ASV_00260	0	0	0	0	0	0	4	17	0	1	0	0	0	0	0	0	0	32	0	0	0	0	3	0	0	0	0	0	0	17	29	3	3	20	0	0	0	0	0	0	58	13	39	22	0	3	1	0	0	0	0	0	0	2	6	2	14	7	3	0	0	0	0	0	3	2	0	46	12	1	12	2	0	0	0	0	0	6	0	0	0	0	0	0	0	0	0	0	9	6	31	1	0	0	0	0	1	0	0	0	2	0	9	8	29	8	8	0	0	0	0	0	0	6	2	15	4	0	0	0
bn_ASV_000037	132	129	69	48	4	0	0	0	0	12	0	38	83	66	90	21	4	0	0	0	0	0	22	11	101	53	39	0	0	2	0	0	0	2	15	30	30	76	36	43	0	7	1	0	0	2	18	49	122	67	48	61	9	3	0	0	0	1	39	88	68	62	61	7	1	6	0	0	0	0	28	38	72	74	76	6	4	3	0	0	0	2	21	38	65	76	66	10	4	5	0	0	0	0	22	38	57	68	41	6	2	0	0	0	0	0	21	37	3	24	5	0	0	0	0	0	0	0	10	34
en_ASV_00672	14	11	5	12	0	0	0	0	0	0	1	3	38	28	7	131	0	0	0	0	0	0	0	30	6	18	6	0	0	0	0	0	0	0	0	0	42	29	20	0	0	0	0	0	0	0	0	12	25	58	13	16	0	0	0	0	0	0	0	3	25	0	0	7	4	5	0	0	0	0	0	0	18	56	8	0	2	3	0	0	0	0	0	8	23	33	3	1	0	1	0	0	0	0	0	11	9	43	4	1	2	1	0	0	0	0	0	7	3	26	6	0	0	0	0	0	0	0	0	0
bn_ASV_000173	0	0	0	0	0	0	5	519	39	0	0	0	0	0	0	0	0	0	0	308	2	0	0	0	0	0	0	0	0	0	0	17	9	55	6	14	4	0	0	0	0	2	2	55	67	108	8	4	0	0	0	0	0	0	0	17	44	6	2	0	0	0	0	0	0	0	6	56	5	12	1	0	0	0	0	0	0	0	7	47	26	21	4	0	0	0	0	0	0	0	1	29	33	23	4	0	0	0	0	0	0	0	1	10	51	7	7	0	0	0	0	0	0	0	0	0	21	44	14	0
ep_ASV_00264	34	0	2	2	0	0	0	0	0	0	3	8	14	1	0	0	0	0	0	0	6	0	0	14	113	19	0	0	0	0	0	0	0	0	0	0	3	2	2	0	0	0	0	0	0	0	11	0	8	49	19	6	0	0	0	0	0	0	5	26	16	0	0	0	0	0	0	0	0	0	11	11	19	9	11	3	0	0	0	0	0	0	0	2	14	4	0	0	0	0	0	0	4	0	3	20	14	10	0	18	0	0	0	0	0	2	10	0	19	3	0	8	2	0	0	0	0	0	0	1
bp_ASV_000012	41	0	0	0	7	31	168	57	163	83	10	54	36	0	27	54	10	102	0	0	0	0	51	25	25	0	0	0	0	42	37	57	21	69	242	99	19	0	0	8	49	92	94	152	73	32	47	31	0	0	0	0	0	57	120	99	69	71	35	0	27	0	10	0	14	149	153	215	91	156	56	22	31	0	19	15	276	86	80	407	197	120	106	249	25	21	13	28	46	11	61	67	80	64	49	27	49	24	0	40	6	67	170	65	129	119	133	55	70	50	20	25	18	239	443	256	75	256	265	67
bn_ASV_000077	0	0	0	0	0	0	17	2	0	11	0	3	0	0	0	0	0	44	13	23	38	4	0	0	0	0	0	0	5	92	43	7	2	6	8	3	0	0	0	25	74	11	18	7	30	5	0	0	0	0	0	0	8	46	37	5	8	13	0	0	0	0	0	0	6	24	22	8	6	16	5	2	0	0	0	9	19	48	23	12	10	15	2	2	0	0	0	10	18	27	15	11	5	5	6	1	0	0	0	7	1	22	6	8	2	6	6	0	0	0	0	0	0	9	0	0	5	2	7	0
bp_ASV_000159	0	0	0	0	12	21	6	0	0	2	0	0	0	0	3	6	25	0	17	0	0	0	1	0	0	0	0	0	9	27	34	10	33	2	146	0	0	0	0	6	29	5	6	7	3	4	0	0	0	0	0	0	0	7	24	5	8	3	0	0	0	0	0	0	20	24	1	4	4	3	0	0	0	0	0	0	10	26	20	26	9	4	3	0	0	0	0	2	21	146	29	28	11	10	0	0	2	0	0	0	10	25	50	16	22	11	2	0	0	0	0	0	9	44	26	15	25	4	4	3
bp_ASV_000037	142	97	75	23	12	0	0	0	2	13	27	55	91	223	0	0	0	0	1	0	216	53	25	100	115	60	24	13	0	0	0	0	0	4	0	72	65	112	56	19	0	0	0	0	0	0	16	80	113	121	55	53	11	4	0	0	0	0	33	674	82	75	37	14	15	5	0	0	0	0	52	59	106	125	60	23	4	0	0	0	0	0	20	24	28	128	49	1	3	0	0	0	0	0	33	47	96	65	0	3	3	0	0	0	0	5	37	74	89	80	62	4	6	0	0	0	1	0	6	52
bn_ASV_000306	22	0	17	0	0	0	0	0	0	0	0	0	11	2	15	0	0	0	0	0	0	0	0	0	24	0	6	0	0	0	0	0	0	0	1	1	4	6	15	0	0	0	0	0	0	0	6	10	37	8	3	0	0	0	0	0	0	0	10	15	26	9	11	0	0	0	0	0	0	0	0	13	33	24	7	0	0	0	0	0	0	0	3	15	26	15	9	0	0	0	0	0	0	0	0	5	14	16	8	0	0	0	0	0	0	0	3	3	0	12	8	0	0	0	0	0	0	0	0	12
bp_ASV_000059	53	76	82	0	18	0	0	0	0	5	12	23	35	121	6	0	0	0	12	0	75	42	14	29	50	94	86	29	0	0	0	0	15	2	0	102	43	66	65	28	0	0	0	0	0	0	27	14	43	67	43	91	29	6	0	0	0	9	36	144	38	63	36	35	12	0	0	0	0	0	27	42	57	48	60	16	0	0	0	0	0	0	16	32	20	52	44	16	0	0	0	0	0	0	19	26	35	63	89	4	3	0	0	0	0	0	21	28	53	44	60	9	4	0	0	0	0	0	10	30
bn_ASV_000183	0	0	0	0	0	0	0	1	16	15	0	0	0	0	0	0	2	0	0	0	0	0	0	0	0	0	0	0	0	3	0	11	5	15	2	0	0	0	0	0	1	0	13	29	15	27	5	0	0	0	0	0	13	0	0	2	6	16	3	0	0	0	0	0	51	25	15	8	22	20	6	0	0	0	0	38	20	9	20	14	12	22	1	1	0	0	0	19	18	9	35	22	17	17	4	2	0	0	0	13	13	12	46	43	27	16	0	5	0	0	0	0	0	13	50	11	5	48	8	0
en_ASV_00766	44	15	14	3	0	1	0	1	0	0	3	16	7	14	9	3	0	0	0	0	0	0	10	17	38	24	16	0	0	0	0	0	0	0	10	0	0	8	2	0	0	0	1	0	25	0	1	0	7	10	11	0	0	0	0	0	9	0	11	6	30	18	17	0	0	0	0	0	0	0	7	2	12	26	46	0	0	0	0	0	3	0	3	4	15	12	23	5	0	0	0	0	4	0	7	3	12	14	17	9	0	0	0	0	0	0	2	6	9	7	14	20	0	0	0	0	0	0	0	0
bn_ASV_000156	0	0	0	0	3	0	0	0	13	5	0	0	0	0	0	0	0	32	0	36	0	0	0	0	0	0	0	0	0	23	24	4	11	6	12	0	0	0	0	0	19	58	31	9	41	11	0	0	0	0	0	0	0	2	37	6	24	14	2	0	0	0	0	0	18	30	18	21	7	16	9	1	0	0	0	2	6	22	19	20	15	5	7	1	0	0	0	1	7	25	10	18	8	6	4	1	0	0	0	0	2	10	4	2	0	0	4	0	0	0	0	0	0	0	0	12	7	4	4	0
bn_ASV_000347	0	0	7	0	0	0	0	0	0	0	0	36	24	12	0	0	0	0	0	0	0	0	0	0	22	21	11	0	0	0	0	0	0	0	0	0	12	5	4	0	0	0	0	0	0	0	7	3	10	8	7	11	0	0	0	0	0	0	7	34	8	9	17	4	0	0	0	0	0	0	4	5	19	17	11	0	0	0	0	0	0	0	3	5	8	10	14	2	0	0	0	0	0	0	1	1	8	9	6	2	0	0	0	0	0	0	0	2	0	0	0	0	0	0	0	0	0	0	0	6
bn_ASV_000846	4	0	0	0	0	0	0	0	0	0	0	0	7	2	0	0	0	0	0	0	0	0	0	0	11	0	0	0	0	0	0	0	0	0	0	0	0	4	0	0	0	0	0	0	0	0	0	10	10	0	0	0	0	0	0	0	0	0	0	7	9	5	5	0	0	0	0	0	0	0	0	2	9	5	4	0	0	0	0	0	0	0	1	1	11	9	3	0	0	0	0	0	0	0	0	3	2	1	3	0	0	0	0	0	0	0	0	0	0	0	0	0	0	0	0	0	0	0	0	4
bn_ASV_000127	3	0	0	0	0	12	28	248	18	6	44	0	0	0	0	0	0	0	1	34	3	41	0	0	0	0	0	0	0	0	0	41	4	6	6	2	3	0	0	0	2	0	7	6	19	21	5	0	0	2	0	0	0	0	0	32	11	10	2	0	2	9	0	0	0	2	49	2	12	21	11	1	0	0	0	0	0	0	32	11	10	32	12	2	0	3	0	0	0	4	28	9	11	35	5	2	0	0	0	0	0	0	12	27	19	63	1	1	0	0	0	0	0	0	0	0	7	4	0	0
bp_ASV_000005	81	32	108	16	69	8	0	0	37	35	17	17	103	0	2	0	0	0	0	0	9	0	17	37	102	36	0	3	27	58	0	0	0	6	198	42	44	67	8	130	35	87	0	0	0	0	55	208	233	162	68	185	440	156	34	0	0	9	39	0	61	48	1403	55	80	126	0	0	0	7	23	6	43	82	413	1199	611	53	12	0	0	79	526	261	153	234	519	896	45	13	12	0	22	4	11	8	78	114	0	2043	22	32	38	0	8	32	46	60	208	732	624	1783	347	83	34	3	3	24	57	55
en_ASV_00140	18	33	47	17	0	0	0	0	0	0	20	21	19	106	28	10	0	0	0	0	0	0	0	66	45	24	95	0	0	0	0	0	0	0	0	0	48	131	71	12	0	0	0	0	0	0	17	18	95	328	83	15	0	0	0	0	0	0	0	32	115	22	25	0	0	0	0	0	0	0	59	39	39	48	12	0	0	0	0	0	0	0	25	50	136	129	56	36	0	0	0	0	0	0	26	87	194	173	119	69	0	0	0	0	0	0	22	109	268	216	209	97	0	0	0	0	0	0	0	115
bp_ASV_000210	9	16	5	0	0	0	0	0	0	2	8	5	21	27	0	0	0	0	0	0	38	0	2	9	17	16	5	0	0	0	0	0	0	0	0	0	24	9	6	5	0	0	0	0	0	0	3	21	26	30	9	10	0	3	0	0	0	0	5	0	20	10	11	13	0	0	0	0	0	0	0	5	11	43	17	8	0	0	0	0	0	0	3	0	0	16	11	6	0	0	0	0	0	0	3	5	14	38	105	2	3	0	0	0	0	0	3	16	12	18	12	2	1	1	0	0	0	0	1	6
ep_ASV_00084	30	26	21	1	0	0	0	0	0	0	0	48	55	0	0	0	0	0	0	0	6	0	31	27	4	20	0	0	0	0	0	0	0	0	0	26	100	45	0	0	0	0	0	0	0	0	89	0	44	47	8	0	0	0	0	0	0	0	31	63	33	30	46	0	0	0	0	0	0	0	36	26	21	18	39	5	19	0	0	0	0	0	19	4	3	22	71	0	0	0	0	0	0	0	15	77	44	22	0	89	0	0	0	0	0	0	47	43	29	32	24	53	0	0	0	0	0	0	0	30
bn_ASV_000116	0	0	0	0	2	6	8	6	0	8	0	0	0	0	0	0	4	4	2	0	13	3	30	0	0	0	0	0	4	3	30	3	23	11	5	0	0	0	0	0	14	17	10	23	22	45	7	0	0	0	0	0	10	16	14	7	66	14	0	0	0	0	0	0	36	9	4	18	19	11	9	1	0	0	0	0	18	7	11	23	34	19	6	0	0	0	0	0	13	13	16	19	26	25	8	0	0	3	0	0	10	6	25	37	37	29	3	0	0	4	0	0	5	8	24	16	25	18	8	0
bn_ASV_000125	17	25	20	11	9	0	0	0	0	9	0	25	28	19	21	12	0	1	8	0	13	0	0	0	26	9	14	0	0	7	7	4	5	3	7	9	13	24	5	0	10	3	6	4	4	2	22	6	17	12	13	18	0	0	0	0	0	6	8	19	15	13	20	3	1	7	4	5	0	19	2	18	17	15	15	5	3	4	2	3	0	4	10	8	22	16	15	4	2	3	3	3	0	2	7	11	18	13	13	6	0	3	0	0	0	0	12	7	0	5	7	0	0	0	0	0	0	0	2	8
bn_ASV_000112	0	0	0	0	0	4	44	0	20	12	8	6	0	0	0	0	0	18	30	38	7	13	0	2	0	0	0	0	0	19	18	12	11	0	5	0	0	0	0	0	4	57	45	9	18	10	8	1	0	0	0	0	0	2	28	2	9	25	6	5	0	0	0	0	8	17	15	45	1	19	5	1	0	0	0	4	4	21	26	27	8	10	5	0	0	0	0	4	4	30	15	11	3	7	6	2	0	0	0	0	1	5	3	4	0	0	2	0	0	0	0	0	0	0	0	5	0	5	4	0
bp_ASV_000043	0	0	0	0	0	84	30	6	5	5	6	0	0	0	58	8	66	19	20	54	0	0	8	0	0	0	0	0	0	29	46	14	0	5	0	0	0	0	0	4	32	65	4	0	17	11	5	0	0	0	0	0	0	34	64	8	0	39	0	0	0	0	0	0	0	97	28	10	40	20	0	0	0	0	0	0	34	59	34	41	24	19	0	0	0	0	0	0	85	44	46	13	8	40	0	0	0	0	0	0	16	103	94	31	18	14	5	0	0	0	0	0	0	8	104	7	18	73	18	0
bn_ASV_000054	0	0	0	0	0	11	0	6	33	42	32	0	0	0	0	0	0	47	75	61	43	47	0	0	0	0	0	0	0	53	73	20	13	20	6	8	0	0	0	0	22	66	48	30	26	19	12	0	0	0	0	0	0	36	80	9	15	21	5	7	0	0	0	0	0	49	21	60	9	26	14	5	0	0	0	6	3	48	34	39	10	11	7	5	0	0	0	3	7	49	14	29	6	15	7	2	0	0	0	3	0	18	5	4	0	0	4	0	0	0	0	0	0	0	0	10	0	15	6	0
bn_ASV_000314	15	34	12	14	0	0	0	0	0	0	0	0	17	17	19	0	0	0	0	0	0	0	0	10	14	3	16	0	0	0	0	0	0	0	3	5	25	36	0	0	0	0	0	0	0	0	7	21	19	29	15	13	0	0	0	0	0	0	7	22	9	5	12	0	0	0	0	0	0	0	4	5	5	15	11	0	0	0	0	0	0	0	4	4	12	14	19	1	0	0	0	0	0	0	2	11	8	13	12	1	0	0	0	0	0	0	8	8	0	9	7	0	0	0	0	0	0	0	1	10
bp_ASV_000219	0	0	0	0	0	3	7	1	2	3	2	0	0	0	11	17	24	11	0	4	0	0	1	0	0	0	0	0	0	23	9	7	6	12	0	0	0	0	0	0	0	8	22	11	11	7	5	0	0	0	0	0	0	0	0	1	6	10	2	0	0	0	0	0	0	0	17	17	12	5	0	1	0	0	0	0	4	28	5	27	5	15	1	3	0	0	0	0	6	9	29	16	7	11	0	0	1	0	0	0	0	21	42	20	13	13	4	5	0	0	0	0	0	1	36	12	9	17	2	5
en_ASV_00512	55	34	20	8	6	0	0	3	0	10	15	19	8	14	15	0	0	0	0	0	0	2	13	16	45	17	17	0	7	0	0	0	0	3	11	4	6	12	10	2	1	0	0	0	0	1	4	3	14	0	13	0	0	0	0	0	0	4	27	29	50	0	4	4	3	2	0	3	0	2	11	15	106	50	116	6	4	1	0	2	0	2	32	10	48	19	93	2	3	1	0	0	0	3	45	16	23	15	77	0	7	0	0	0	0	0	50	15	0	0	62	0	12	0	0	0	0	0	0	13
ep_ASV_00070	78	49	33	11	0	0	0	0	0	0	0	50	32	23	0	0	0	0	0	0	97	0	38	44	31	123	8	0	0	0	0	0	0	0	0	18	71	79	1	0	0	0	0	0	0	0	15	0	49	27	11	0	0	0	0	0	0	0	31	53	61	23	69	0	0	0	0	0	0	0	6	5	33	155	8	0	0	0	0	0	0	0	6	3	35	66	47	0	0	0	0	0	0	0	17	43	13	61	0	0	0	0	0	0	0	0	15	41	17	41	34	0	0	0	0	0	0	0	0	47
bn_ASV_000124	12	39	24	57	0	0	0	0	0	6	0	0	10	15	16	23	21	0	0	0	0	0	9	9	13	8	13	0	1	1	0	0	2	0	8	13	12	21	119	43	2	0	0	2	0	3	13	5	24	52	41	91	1	0	0	0	19	7	6	7	5	11	12	22	0	0	0	0	0	0	9	12	13	22	17	6	2	1	0	0	3	2	7	16	7	21	15	13	0	1	0	0	1	4	4	8	9	21	10	11	0	1	0	0	0	2	8	5	0	12	3	0	0	0	0	0	0	0	3	6
bn_ASV_000059	40	85	29	23	0	0	0	0	0	10	0	17	20	64	23	29	4	0	0	0	8	0	27	11	51	70	52	8	0	0	0	0	5	0	9	24	22	58	33	67	5	0	0	0	0	0	15	17	29	28	49	46	17	0	0	0	0	0	12	30	26	58	37	26	0	10	0	0	0	0	17	10	33	47	25	0	10	6	0	0	1	0	11	17	18	55	22	6	6	4	0	0	0	0	12	13	17	29	21	3	6	4	0	0	0	0	8	7	0	10	0	0	0	0	0	0	0	0	11	16
bn_ASV_000080	54	0	20	0	0	0	0	0	0	14	0	32	35	10	35	0	0	0	0	0	0	0	22	0	31	8	7	0	0	0	0	0	0	0	7	10	15	22	0	0	15	0	0	0	27	12	19	20	23	17	8	3	0	0	0	0	0	14	12	17	35	23	29	15	0	15	4	4	0	7	13	60	48	35	19	0	1	5	4	4	4	5	15	48	41	16	23	2	3	6	1	0	4	1	11	31	27	16	18	2	0	5	0	0	0	0	9	23	0	0	0	0	0	0	0	0	0	0	15	24
bn_ASV_000062	0	0	0	0	0	1	61	0	40	33	0	0	0	0	0	0	0	21	41	103	23	20	0	0	0	0	0	0	0	0	16	34	21	19	10	5	0	0	0	0	0	0	22	37	53	17	16	0	0	0	0	0	0	0	0	5	37	23	7	0	0	0	0	0	0	7	29	67	17	40	12	8	0	0	0	0	0	2	18	36	17	29	10	1	0	0	0	0	0	3	20	36	26	9	11	4	0	0	0	0	0	2	2	9	8	2	5	2	0	0	0	0	0	0	0	14	0	3	14	0
bp_ASV_000044	0	0	0	0	0	104	70	0	19	23	11	0	0	0	29	38	92	43	0	132	0	0	11	0	0	0	0	0	0	71	121	19	71	10	0	26	0	0	0	0	0	72	79	42	28	26	0	0	0	0	0	0	0	45	148	80	63	31	0	0	0	0	0	0	0	53	45	49	79	31	0	0	0	0	0	0	25	56	116	0	60	0	0	0	0	0	0	0	45	107	38	68	66	34	0	0	5	0	0	0	19	80	47	16	58	42	9	0	0	0	0	0	14	36	58	33	57	18	10	16
bp_ASV_000308	8	5	4	0	0	0	0	0	0	4	4	11	10	10	0	0	0	0	0	0	21	0	1	6	12	8	2	0	0	0	0	0	0	0	0	0	10	7	0	2	0	0	0	0	0	0	6	9	13	17	7	8	0	0	0	0	0	0	1	0	13	7	4	11	0	0	0	0	0	0	0	3	13	18	14	0	0	0	0	0	0	0	4	0	0	16	7	3	0	0	0	0	0	0	0	11	8	18	91	0	2	0	0	0	0	0	7	10	9	10	9	0	1	7	0	0	0	0	0	10
bn_ASV_000098	0	0	2	0	14	0	0	0	0	0	0	0	0	10	0	0	62	0	0	0	0	0	0	0	0	0	0	0	96	6	0	0	0	0	3	9	37	13	0	0	0	0	0	0	0	0	7	13	12	76	54	18	41	35	0	0	0	0	0	0	0	0	88	0	0	0	0	0	0	0	5	0	0	7	59	50	32	7	1	0	0	3	6	10	7	21	71	75	59	11	5	0	0	7	14	45	29	42	116	142	130	17	5	0	0	13	20	89	92	113	169	328	207	44	11	0	0	0	0	10
bn_ASV_000379	7	0	1	0	9	0	0	0	0	2	0	3	7	12	0	0	1	0	0	0	0	0	0	13	7	16	2	10	0	0	0	0	0	0	17	10	9	2	0	0	0	0	0	0	0	0	2	0	4	26	6	0	3	55	0	0	0	0	17	2	4	3	4	0	7	11	0	0	0	0	0	3	1	0	24	5	2	11	0	0	0	4	10	5	8	9	14	14	3	12	0	0	2	6	11	13	13	6	13	22	12	8	0	0	4	12	20	22	43	26	18	62	8	0	0	0	0	4	8	4
ep_ASV_00001	368	362	791	51	0	0	0	0	0	11	20	399	352	1465	0	7	0	0	0	0	1222	172	21	27	544	834	1952	10	24	0	0	0	0	2	0	21	122	533	326	13	0	2	0	4	0	8	208	639	975	520	472	568	37	69	0	0	6	8	184	374	677	1414	876	66	0	32	17	0	2	0	157	137	610	755	117	284	16	4	0	0	0	0	107	9	226	836	511	18	9	5	0	4	39	2	3	125	244	590	328	536	50	0	15	5	8	66	241	626	749	1327	1302	91	213	26	5	0	3	0	0	111
bn_ASV_000210	11	0	21	9	0	0	0	0	0	0	0	3	23	10	28	0	2	0	0	0	0	0	0	0	22	16	22	0	0	0	0	0	0	0	1	8	4	23	29	0	1	0	0	0	0	0	4	15	34	7	16	17	7	0	0	0	0	0	4	7	26	18	10	7	0	0	0	0	0	0	3	13	28	43	18	0	2	0	0	0	0	0	5	7	25	21	15	5	1	0	0	0	0	0	3	14	15	17	6	3	0	0	0	0	0	0	3	8	0	0	4	0	0	0	0	0	0	0	0	5
bn_ASV_000039	55	316	95	69	0	0	0	0	0	0	2	25	24	119	52	49	2	0	0	0	0	0	5	12	97	67	151	12	2	1	0	0	0	0	4	37	81	129	81	3	0	0	0	0	0	0	13	18	37	38	71	94	4	4	0	1	0	0	12	66	39	199	44	20	0	0	0	0	0	0	6	22	58	82	43	0	3	0	0	0	0	0	8	25	56	108	44	17	1	1	0	0	0	0	8	16	45	80	35	5	1	0	0	0	0	0	18	22	6	11	21	0	0	0	0	0	0	0	6	6
ep_ASV_00172	0	0	0	0	31	10	17	6	0	11	0	0	0	0	0	0	0	9	0	0	0	0	0	0	0	0	0	0	0	17	42	0	6	3	0	0	0	0	0	27	18	9	9	2	0	8	1	0	0	0	0	0	0	56	0	18	24	2	1	1	0	0	0	0	18	1	21	6	8	3	1	0	0	0	0	0	9	3	31	6	0	0	0	0	0	0	0	6	30	6	3	2	0	2	0	0	1	0	0	0	5	0	20	26	9	7	0	0	0	0	0	0	0	124	5	3	26	0	0	0
ep_ASV_00045	22	25	9	1	0	0	0	0	0	17	12	55	51	4	0	0	0	0	0	0	14	0	26	41	37	51	0	0	0	0	0	0	0	0	0	24	67	22	116	6	3	3	0	0	0	15	51	221	27	49	12	19	0	0	0	0	3	5	44	86	77	17	16	18	1	8	0	0	0	0	93	62	53	20	24	30	1	1	0	0	0	20	52	11	13	58	26	16	0	0	0	0	5	0	3	57	126	122	0	80	6	0	3	0	2	83	103	106	81	13	35	33	16	19	0	0	11	0	21	75
bn_ASV_000281	0	0	0	0	0	0	42	7	17	6	2	0	0	0	0	0	0	0	6	37	4	0	0	0	0	0	0	0	0	0	0	22	0	27	1	3	0	0	0	0	2	0	38	4	16	10	1	0	0	0	0	0	0	0	0	8	2	6	0	0	0	0	0	0	0	0	35	15	12	13	0	0	0	0	0	0	0	0	38	16	10	13	2	1	0	0	0	0	0	1	23	45	15	12	3	1	0	0	0	0	0	0	5	91	28	11	3	4	0	0	0	0	0	0	0	22	9	34	1	0
en_ASV_00248	0	0	0	0	4	70	60	10	0	0	0	0	0	0	0	0	20	98	28	5	0	14	0	0	0	0	0	0	0	34	122	91	25	47	0	0	0	0	0	13	17	36	0	2	0	46	0	0	0	0	0	0	162	0	28	17	12	152	0	0	0	0	0	0	0	0	37	43	6	0	0	0	0	0	0	62	68	3	78	36	3	55	0	0	0	0	0	37	109	1	109	26	1	46	0	0	0	0	0	13	196	0	139	51	0	77	0	0	0	0	0	0	203	0	177	0	0	0	0	0
bp_ASV_000078	19	88	52	40	20	22	1	0	0	5	10	16	0	96	0	0	2	9	43	0	86	42	20	10	14	74	71	0	21	20	0	0	0	2	0	0	49	67	74	27	0	0	0	0	0	0	0	3	0	41	24	39	15	33	2	1	0	0	8	2	25	85	24	18	15	8	0	0	0	2	0	16	0	25	30	8	10	5	0	0	0	47	13	33	63	57	68	23	10	17	0	0	9	3	150	32	36	28	0	11	3	0	0	0	0	4	7	11	31	76	52	2	13	0	1	0	0	3	9	7
bn_ASV_000302	15	41	16	10	0	0	0	0	0	0	0	0	14	18	17	0	0	0	0	0	0	0	0	5	31	12	12	0	0	0	0	0	0	0	3	14	31	32	6	0	0	0	0	0	0	0	0	4	10	38	6	3	0	0	0	0	0	0	9	7	9	14	5	0	0	0	0	0	0	0	0	2	11	17	7	0	0	0	0	0	0	0	1	3	7	16	3	0	0	0	0	0	0	0	0	6	8	11	3	0	0	0	0	0	0	0	0	3	0	5	0	0	0	0	0	0	0	0	0	0
bn_ASV_000033	21	63	79	143	25	0	0	0	0	0	0	0	0	70	13	410	278	12	0	0	0	0	0	0	0	131	118	94	169	66	0	0	0	0	0	2	0	7	65	196	5	0	0	0	0	0	7	0	5	39	143	130	81	14	0	0	16	2	0	0	5	16	13	53	6	4	0	0	5	31	5	0	2	4	22	6	53	13	1	1	1	14	1	2	3	14	39	26	45	8	9	0	1	11	3	1	7	5	35	27	58	7	18	7	0	7	6	0	11	9	29	18	60	8	16	0	2	0	1	2
bn_ASV_000348	14	0	3	0	0	0	0	0	0	0	0	8	16	5	0	0	0	0	0	0	0	0	0	0	11	0	3	0	0	0	0	0	0	0	1	7	5	5	0	0	3	0	0	0	0	0	7	8	11	15	8	0	0	0	0	0	0	0	3	15	14	6	7	0	0	2	0	0	0	0	14	8	9	4	5	1	1	2	0	0	0	0	4	8	12	9	4	2	0	2	0	0	0	0	6	3	11	1	4	0	0	1	0	0	0	0	4	5	0	0	0	0	0	0	0	0	0	0	0	1
bn_ASV_000271	14	0	21	0	0	0	0	0	0	0	1	0	19	5	16	0	0	0	0	0	0	0	0	0	15	3	4	0	0	0	0	0	0	0	6	4	14	4	0	0	0	0	0	0	0	0	0	11	13	11	13	5	0	0	0	0	0	0	11	11	12	4	0	0	0	0	0	0	0	0	6	12	18	21	10	0	0	0	0	0	0	0	10	17	25	21	5	1	0	0	0	0	0	0	6	14	17	21	4	1	0	0	0	0	0	0	7	5	10	34	11	0	0	0	0	0	0	0	4	25
bp_ASV_000039	93	256	65	41	8	0	0	0	0	0	28	35	30	233	0	0	0	0	7	0	130	76	8	17	102	97	150	22	0	4	0	0	0	0	0	36	139	189	98	10	0	0	0	0	0	0	9	31	41	160	84	94	0	4	0	0	0	0	17	196	65	191	66	16	2	0	0	0	0	0	14	27	67	111	68	19	4	1	0	0	0	0	7	5	2	144	50	6	0	0	0	0	0	0	14	15	60	51	12	2	0	0	0	0	0	0	25	38	80	67	92	2	11	6	0	0	0	0	5	17
bp_ASV_000116	0	0	0	0	9	16	6	0	0	3	8	0	0	0	16	2	10	24	10	11	0	0	40	0	0	0	0	0	8	8	62	9	51	3	0	0	0	0	0	0	8	4	3	26	24	29	10	0	0	0	0	0	0	10	13	18	61	14	1	0	0	0	0	4	15	0	0	13	20	8	9	0	0	0	0	0	0	10	29	30	76	6	3	0	0	0	0	0	9	48	7	26	26	13	9	9	0	0	0	0	6	6	6	22	52	30	5	0	3	0	0	0	10	16	26	9	66	15	11	1
bp_ASV_000304	25	11	27	0	0	0	0	0	0	3	5	0	19	48	0	0	0	0	0	0	24	18	2	9	0	7	7	0	0	0	0	0	0	0	0	0	17	11	5	9	0	0	0	0	0	0	0	19	29	21	17	8	0	1	0	0	0	0	5	0	14	0	34	14	0	0	0	0	0	0	0	0	11	9	26	15	0	0	0	0	0	0	3	14	13	12	9	6	0	0	0	0	0	0	11	7	17	7	0	5	0	0	0	0	0	0	0	6	14	2	9	2	3	1	0	0	0	0	1	6
bn_ASV_000232	25	0	4	0	0	0	0	0	0	0	0	6	0	2	0	0	0	0	0	0	0	0	0	0	8	0	1	0	0	0	0	0	0	0	7	2	11	13	6	0	0	0	0	0	0	0	3	6	12	10	9	10	0	0	0	0	0	0	19	11	13	10	4	8	0	0	0	0	0	0	16	14	18	14	5	3	0	0	0	0	0	0	16	15	10	13	9	4	0	0	0	0	0	0	6	13	13	18	5	0	0	0	0	0	0	0	2	17	0	22	2	0	0	0	0	0	0	0	8	11
bp_ASV_000069	0	0	0	0	0	127	72	174	41	9	13	0	0	0	55	95	5	79	0	0	0	0	14	0	0	0	0	0	0	28	24	42	0	0	0	0	0	0	0	0	0	0	11	23	0	0	0	0	0	0	0	0	0	0	0	62	69	21	0	0	0	0	0	0	0	14	85	35	49	36	0	0	0	0	0	0	0	0	44	293	87	68	0	0	0	0	0	0	0	24	3	170	45	0	37	0	0	0	0	0	0	0	0	18	26	30	0	0	1	0	0	0	0	0	114	16	23	15	1	0
en_ASV_00397	13	0	29	0	0	0	1	0	30	9	12	33	17	7	27	0	0	11	4	0	0	66	10	1	64	0	20	0	17	16	0	0	4	5	221	12	6	5	0	0	0	0	0	0	0	5	92	6	25	28	0	6	0	0	0	0	46	13	45	20	87	0	0	0	3	2	1	0	0	30	41	0	80	8	4	0	2	2	0	0	4	20	46	29	42	23	24	1	0	0	1	0	9	12	53	51	18	32	45	1	0	0	0	0	0	1	51	43	10	46	78	0	0	0	0	0	2	0	0	268
bp_ASV_000367	8	4	4	0	0	0	0	0	0	0	0	0	20	44	0	0	0	0	0	0	26	2	1	17	8	13	16	0	0	0	0	0	0	0	0	0	15	9	3	0	0	0	0	0	0	0	0	7	9	4	3	2	0	0	0	0	0	0	3	0	15	7	0	1	0	0	0	0	0	0	0	9	7	16	1	0	3	0	0	0	0	0	14	34	10	8	2	0	0	0	0	0	0	0	0	0	13	13	32	0	0	0	0	0	0	0	2	5	1	12	4	0	0	0	0	0	0	0	0	5
en_ASV_01180	3	1	5	7	0	0	0	0	0	0	0	6	6	9	6	6	0	0	0	0	0	0	0	4	8	0	10	0	0	0	0	0	0	0	0	0	6	11	0	0	0	0	0	0	0	0	6	5	8	17	0	0	0	0	0	0	0	0	5	4	0	0	0	5	5	4	0	0	0	0	5	16	17	17	9	0	2	3	0	0	0	0	9	7	7	12	7	1	1	0	0	0	0	0	10	10	4	12	9	0	0	0	0	0	0	0	15	9	0	8	7	0	0	0	0	0	0	0	0	9
bp_ASV_000232	27	15	6	0	0	0	0	0	0	2	1	17	22	14	0	0	0	0	0	0	29	0	9	22	15	6	0	0	0	0	0	0	0	0	0	0	14	20	0	0	0	0	0	0	0	0	8	16	30	11	9	15	0	0	0	0	0	0	24	0	11	13	9	0	0	0	0	0	0	0	24	14	14	23	6	0	0	0	0	0	0	9	49	62	21	22	8	0	0	0	0	0	0	0	10	7	9	20	0	4	0	0	0	0	0	0	8	20	17	20	13	0	0	0	0	0	0	0	4	14
bn_ASV_000060	0	0	13	0	20	0	0	0	0	0	0	0	0	18	0	0	79	0	0	0	0	0	0	0	0	0	0	31	172	21	0	0	0	0	11	15	88	22	68	0	0	0	0	0	0	0	0	140	28	111	43	27	52	47	0	0	0	0	20	24	16	10	119	8	0	0	0	0	0	0	12	7	10	18	119	56	37	9	0	0	0	0	16	31	29	60	104	64	52	8	0	0	0	14	32	54	72	86	83	103	137	2	0	0	0	17	44	127	231	155	91	172	204	0	0	0	0	0	0	32
bn_ASV_000378	40	0	17	0	0	0	0	0	0	0	0	0	20	9	43	0	0	0	0	0	0	0	0	35	24	8	9	0	0	0	0	0	0	0	1	4	39	22	0	0	0	0	0	0	0	0	5	6	28	17	4	3	0	0	0	0	0	0	13	18	30	10	13	0	0	0	0	0	0	0	3	4	14	10	18	0	0	0	0	0	0	0	4	10	23	12	18	0	0	0	0	0	0	0	1	10	14	4	12	0	0	0	0	0	0	0	1	3	1	0	5	0	0	0	0	0	0	0	0	4
ep_ASV_00269	0	0	0	0	8	0	7	9	0	10	0	0	0	0	0	0	5	20	0	22	0	0	0	0	0	0	0	0	0	9	57	0	3	9	0	0	0	0	0	3	17	23	25	10	0	4	0	0	0	0	0	0	0	4	3	3	5	19	0	0	0	0	0	0	0	15	8	17	11	1	0	0	0	0	0	0	0	0	2	0	0	0	0	0	0	0	0	0	23	0	30	2	4	4	0	0	0	0	0	0	4	0	9	25	12	10	0	0	0	0	0	0	0	23	0	25	10	2	2	0
ep_ASV_00040	229	229	64	4	0	0	0	0	0	0	6	13	49	0	0	0	0	0	3	0	444	0	12	9	129	152	10	0	2	0	0	0	0	0	0	0	16	17	21	0	0	0	0	0	0	0	0	0	19	160	92	6	0	0	0	0	0	0	0	6	37	53	99	0	0	0	0	0	0	0	0	0	52	69	106	7	0	0	0	0	0	0	0	0	161	555	65	5	0	0	0	0	18	0	1	0	1	70	0	79	0	0	0	0	0	0	11	0	26	153	65	46	3	0	0	0	0	0	0	0
bn_ASV_000097	0	0	0	0	0	0	57	10	28	0	0	0	0	0	0	0	0	40	26	49	17	0	0	0	0	0	0	0	0	31	24	11	23	16	8	11	0	0	0	0	11	14	24	11	14	0	0	0	0	0	0	0	0	0	53	19	12	24	0	0	0	7	0	0	27	27	27	17	0	38	7	8	0	0	0	0	10	18	31	16	3	16	7	2	0	3	0	0	12	15	22	6	4	4	5	1	0	1	0	0	1	10	5	0	0	0	1	0	0	0	0	0	0	0	0	0	0	14	9	0
bp_ASV_000112	0	0	0	0	0	17	95	12	13	13	17	7	0	0	36	25	43	9	0	0	0	0	5	7	1	0	0	0	0	20	27	19	19	8	0	0	0	0	0	0	0	26	61	12	22	19	9	0	0	0	0	0	0	14	26	11	17	23	6	0	0	0	0	0	0	20	15	33	42	18	18	9	0	0	0	0	1	26	37	7	14	38	0	0	0	0	0	0	1	14	26	19	21	25	4	2	1	0	0	0	0	41	14	25	27	14	10	4	0	0	0	0	0	0	18	17	26	8	4	4
bn_ASV_000217	0	0	0	0	0	0	122	63	31	12	15	0	0	0	0	0	0	0	5	238	7	6	0	0	0	0	0	0	0	0	43	46	2	44	3	0	4	0	0	0	0	0	72	8	5	0	0	0	0	0	0	0	0	0	0	35	13	6	0	0	0	0	0	0	0	0	37	27	24	2	1	0	0	0	0	0	0	0	31	27	27	15	2	0	0	0	0	0	0	0	30	38	42	15	0	0	0	0	0	0	0	0	6	46	103	17	1	6	0	0	0	0	0	0	0	35	11	14	0	0
en_ASV_00715	60	9	5	5	0	0	0	0	0	2	0	0	21	12	7	0	0	0	0	0	0	0	6	14	46	14	2	0	0	0	0	0	0	0	0	0	3	4	2	0	0	0	0	0	0	0	12	21	48	19	7	4	0	0	0	0	0	0	7	50	12	0	0	0	0	0	0	0	0	0	30	18	34	11	26	0	0	0	0	0	0	0	17	14	27	8	12	4	0	0	0	0	0	1	27	23	23	6	10	4	0	0	0	0	0	0	29	20	11	0	4	3	0	0	0	0	0	0	0	0
bp_ASV_000054	0	0	0	0	4	42	57	25	28	19	11	0	0	0	35	60	135	37	0	75	0	0	0	0	0	0	0	0	0	54	66	41	14	16	0	0	0	0	0	0	0	55	71	28	20	16	0	0	0	0	0	0	0	46	66	42	0	35	13	0	0	0	0	0	0	67	57	44	76	38	0	0	0	0	0	0	0	53	75	0	0	29	0	0	0	0	0	0	12	41	86	33	33	27	0	0	0	0	0	0	0	65	22	34	38	12	6	10	0	0	0	0	0	5	65	51	23	17	0	8
bp_ASV_000077	0	0	0	0	36	46	19	3	15	13	6	0	0	0	22	22	38	24	2	61	0	0	11	0	0	0	0	0	7	63	129	15	10	8	0	8	0	0	0	5	100	21	24	6	20	5	5	0	0	0	0	0	2	110	25	17	14	27	0	0	0	0	0	0	0	53	23	11	14	12	0	3	0	0	0	0	14	61	45	23	52	39	3	0	0	0	0	5	92	19	45	20	20	44	0	3	0	0	0	1	4	44	25	38	20	18	8	2	2	0	0	0	0	62	32	24	22	46	8	2
ep_ASV_00029	2	100	47	7	0	0	0	0	0	0	14	26	15	15	0	0	0	0	0	0	36	4	0	145	82	42	8	0	0	0	0	0	0	0	0	88	205	303	233	33	20	0	0	0	0	5	42	88	133	78	98	7	0	0	0	0	0	0	19	41	78	61	49	0	0	0	0	0	0	7	101	39	55	51	28	13	10	0	0	0	0	71	81	297	789	15	32	10	0	0	0	0	0	12	0	67	48	59	0	83	7	0	0	0	0	0	46	63	79	59	78	33	0	0	0	0	0	0	0	75
bp_ASV_000102	66	40	21	0	0	0	0	0	2	5	34	73	42	42	4	0	0	0	0	0	67	4	17	51	51	26	10	0	0	2	0	0	0	3	0	37	23	34	0	4	0	0	0	0	0	8	36	43	58	43	21	0	6	0	0	0	0	0	44	0	59	19	33	0	0	6	0	0	0	0	27	45	88	26	34	20	0	0	0	0	0	0	36	9	20	43	15	6	0	0	0	0	0	2	38	17	12	25	0	6	0	0	0	0	0	7	25	18	15	26	11	9	1	1	0	0	0	0	2	36
bp_ASV_000001	103	3	0	0	14	132	1326	462	1014	668	72	269	134	0	316	882	88	775	0	38	0	0	274	96	79	0	0	0	0	187	305	917	884	999	1664	304	63	0	0	53	242	857	1032	1952	804	435	285	235	93	0	0	0	0	276	957	1513	1377	1191	136	0	94	13	57	0	55	477	1915	1311	852	1413	398	127	84	10	0	34	726	389	611	2477	1702	450	600	561	78	31	11	89	207	96	269	753	753	583	113	66	136	69	41	99	13	324	901	450	899	671	446	130	214	102	32	76	57	819	1187	1220	1094	1819	1365	253
bn_ASV_000308	11	0	15	7	0	0	0	0	0	1	0	6	22	11	20	0	0	0	0	0	0	0	0	0	11	8	9	0	0	0	0	0	0	0	1	1	10	7	0	0	1	0	0	0	0	0	4	7	8	6	6	17	0	0	0	0	0	0	4	2	17	12	5	2	0	2	0	0	0	0	0	6	13	25	16	0	0	1	0	0	0	0	0	9	10	10	14	3	0	2	0	0	0	0	2	8	10	11	11	0	0	0	0	0	0	0	5	3	0	0	5	0	0	0	0	0	0	0	5	2
bp_ASV_000062	0	0	0	0	0	0	104	35	26	25	10	0	0	0	62	91	74	107	0	0	0	0	22	0	0	0	0	0	0	0	35	67	35	18	0	0	0	0	0	0	0	0	13	41	61	41	0	0	0	0	0	0	0	0	16	23	68	29	0	0	0	0	0	0	0	0	63	83	114	42	29	0	0	0	0	0	0	0	26	7	75	29	0	0	0	0	0	0	10	0	41	54	57	39	0	0	0	0	0	0	0	13	29	95	110	39	19	2	0	0	0	0	0	0	24	62	52	16	8	7
bn_ASV_000143	0	0	0	0	0	21	46	0	0	13	0	0	0	0	0	0	0	45	0	39	0	0	0	0	0	0	0	0	14	37	0	6	0	0	0	0	0	0	0	0	26	35	16	0	16	0	0	0	0	0	0	0	7	37	82	0	4	7	0	0	0	0	0	0	33	27	23	28	0	16	0	0	0	0	0	0	16	26	17	10	1	5	0	0	0	0	0	0	10	22	11	7	3	2	0	0	0	0	0	0	6	14	11	5	0	0	0	0	0	0	0	0	0	0	0	0	0	0	0	0
bp_ASV_000090	0	0	0	11	73	26	12	2	5	5	3	0	0	0	5	12	55	10	187	5	0	17	1	0	0	0	0	14	13	20	39	15	15	2	144	0	0	0	0	16	23	3	38	14	8	0	0	0	0	0	0	0	9	4	16	20	17	4	0	0	0	0	0	0	9	10	8	12	8	9	0	0	0	0	0	0	9	40	11	25	17	41	3	0	0	0	0	15	33	42	34	40	25	12	4	1	0	0	0	0	126	27	35	14	18	9	6	6	0	0	0	1	78	19	24	8	52	8	7	3
en_ASV_00583	20	11	21	33	0	0	0	0	0	0	0	0	13	34	11	18	0	0	0	0	0	0	0	0	24	13	65	0	0	0	0	0	0	0	0	0	1	40	12	0	0	0	0	0	0	0	0	9	25	52	31	32	0	0	0	0	0	0	9	2	26	16	16	5	1	3	0	0	0	0	0	0	10	64	67	0	2	3	0	0	0	0	6	10	13	46	49	4	0	1	0	0	0	0	5	14	6	42	63	0	2	0	0	0	0	0	10	16	0	58	83	0	0	0	0	0	0	0	0	0
bn_ASV_000087	4	0	8	0	0	3	67	4	69	27	14	36	25	1	12	0	0	23	78	127	26	84	21	1	16	1	5	0	4	4	33	20	29	31	14	11	6	2	0	0	0	5	10	20	3	2	4	2	3	1	1	0	0	7	7	30	47	29	7	13	6	5	0	0	3	1	12	3	74	10	11	0	4	0	1	11	4	8	12	19	43	22	7	9	5	6	1	6	6	21	14	26	41	20	7	8	13	5	0	6	4	40	25	79	25	29	9	12	26	17	1	0	4	64	32	25	37	75	5	13
bp_ASV_000045	14	8	0	0	7	21	66	20	42	42	25	23	9	0	31	22	37	53	0	31	0	0	22	22	11	7	2	0	0	73	159	30	40	33	0	0	15	0	17	12	33	18	31	52	62	40	25	18	39	12	0	9	18	28	55	44	35	21	20	8	18	7	8	0	14	16	33	52	77	49	28	17	0	6	8	2	2	25	15	16	21	17	13	22	4	3	4	1	18	10	36	29	29	63	26	22	16	9	0	2	0	56	43	86	37	26	29	21	12	4	6	3	1	3	44	52	33	65	13	13
bn_ASV_000026	62	54	45	68	0	0	0	0	0	16	0	45	99	67	51	49	24	21	22	0	29	0	45	0	60	63	42	0	45	25	36	19	17	14	28	38	46	93	66	16	40	17	22	16	41	5	60	54	80	34	69	47	9	0	13	0	30	35	86	57	85	59	79	80	0	37	24	24	3	35	40	75	102	125	54	6	10	26	14	10	10	23	36	63	80	77	62	29	9	15	11	8	4	19	43	38	51	52	39	18	4	16	4	0	0	0	35	30	31	0	10	0	0	0	0	0	0	0	35	44
bn_ASV_000036	88	229	129	122	7	12	0	0	0	3	0	0	0	88	21	100	72	8	0	0	0	9	0	30	35	53	193	85	65	55	0	0	0	0	15	1	36	28	221	49	6	5	0	0	0	7	7	2	9	122	166	45	7	16	0	0	9	3	5	6	9	229	10	85	50	29	0	0	3	20	11	1	3	9	18	4	30	13	0	0	1	12	9	4	6	85	43	19	41	16	0	0	1	23	6	7	5	61	61	18	48	5	0	0	0	32	0	1	0	15	75	0	87	0	2	0	2	0	3	2
ep_ASV_00056	269	48	86	12	0	0	0	0	0	0	0	0	12	40	0	0	0	0	0	0	146	0	0	10	100	28	23	0	0	0	0	0	0	0	0	1	39	113	25	0	0	0	2	13	0	30	8	0	1	33	85	0	0	0	0	0	0	2	11	19	189	49	74	0	0	0	0	0	1	0	0	0	142	243	127	22	0	0	0	0	0	0	19	0	16	66	72	5	0	0	4	0	0	2	19	9	2	76	0	0	0	0	0	0	0	3	7	44	31	28	37	0	0	0	0	0	0	0	3	2
ep_ASV_00126	26	52	2	11	0	0	0	0	11	0	7	23	18	36	0	0	0	0	0	0	5	14	18	21	86	17	35	6	0	0	0	0	0	19	0	9	39	19	15	0	0	0	0	0	0	0	16	86	10	14	28	28	0	0	0	0	0	0	6	62	87	10	7	0	0	0	0	0	0	0	27	71	32	12	3	21	4	0	0	0	0	0	36	0	3	8	6	0	0	0	0	0	0	0	4	46	30	11	0	7	0	0	0	0	0	1	0	35	10	0	4	12	0	0	0	0	0	0	0	42
bn_ASV_000133	28	18	6	13	0	0	0	0	0	18	0	26	20	23	0	22	5	14	0	0	16	0	18	0	39	20	15	0	3	12	0	3	7	17	19	22	9	27	14	11	16	7	7	1	9	6	15	15	10	17	12	10	0	0	0	0	2	2	12	18	13	9	10	14	0	0	4	6	0	13	9	8	19	18	13	9	3	4	4	2	4	7	16	12	11	15	13	10	1	1	3	1	0	3	13	19	13	10	3	4	0	0	2	0	0	0	15	10	0	0	7	0	0	0	0	0	0	0	11	10
bn_ASV_000092	37	24	12	19	0	0	0	0	9	11	0	14	33	22	15	0	0	0	3	0	7	0	19	16	25	20	14	0	0	9	0	1	0	13	13	20	17	67	0	27	44	9	12	6	15	0	25	19	41	8	13	15	2	0	0	0	0	3	14	9	20	19	11	19	0	4	0	3	0	5	25	38	37	63	20	11	10	2	0	1	3	3	15	26	22	19	12	11	6	6	1	2	2	3	8	18	27	17	12	4	1	2	0	0	0	0	4	9	0	0	0	0	0	0	0	0	0	0	14	15
bn_ASV_000184	14	22	4	9	0	0	0	0	0	0	0	11	25	20	0	32	1	9	0	0	7	0	19	0	25	20	11	0	11	4	0	0	0	10	3	8	5	10	0	0	6	8	3	0	5	0	9	3	9	11	5	19	0	0	0	0	0	2	22	13	16	7	12	11	0	10	1	0	0	0	7	11	16	15	8	0	3	7	1	0	0	0	3	5	10	11	9	5	0	4	1	0	0	2	7	5	11	8	4	4	0	3	2	0	0	0	9	6	0	0	0	0	0	0	0	0	0	0	7	12
bn_ASV_000221	14	8	5	0	0	0	0	0	4	15	12	19	14	9	6	0	0	0	0	0	4	2	22	6	15	4	5	0	0	0	0	0	0	6	5	13	5	11	0	4	0	5	4	0	6	9	16	7	12	8	0	4	0	0	0	0	0	10	14	15	15	8	3	0	0	0	2	3	0	6	19	14	18	12	2	3	1	2	1	2	1	5	12	11	16	7	6	1	1	3	2	1	1	1	7	7	10	3	2	0	0	0	0	0	0	0	4	2	0	0	0	0	0	0	0	0	0	0	9	12
bn_ASV_000331	12	8	3	0	0	0	0	0	0	6	0	7	9	6	4	0	0	0	0	0	0	0	9	6	13	7	2	0	0	2	0	0	0	2	7	8	5	9	2	42	3	0	1	0	0	1	5	5	4	0	0	0	0	0	0	0	0	1	5	4	4	0	3	0	0	3	0	0	0	0	2	11	11	10	3	0	0	1	0	0	0	1	5	7	4	7	3	0	0	1	2	0	0	0	1	4	8	4	1	0	0	0	1	0	0	0	5	0	1	0	1	0	0	0	2	0	0	0	0	2
bp_ASV_000041	23	11	24	0	7	0	0	0	23	66	89	113	79	41	38	15	18	8	0	0	46	0	63	55	53	37	0	0	0	23	4	9	23	33	0	86	87	46	20	53	43	21	9	8	56	114	58	99	59	33	15	13	0	9	5	1	0	18	57	34	53	20	26	17	15	32	13	0	12	18	35	70	56	33	32	39	19	10	3	0	0	35	40	56	24	36	38	22	26	0	9	9	31	56	17	64	83	75	49	10	8	29	7	4	17	23	40	92	79	22	31	14	6	15	2	8	9	14	16	61
bp_ASV_000092	28	16	28	0	18	0	0	0	13	14	25	24	39	41	6	8	8	0	0	0	31	8	21	31	19	29	0	0	0	14	11	4	0	14	0	28	83	63	25	31	34	18	9	6	13	26	12	31	37	49	10	11	0	3	7	0	0	5	16	0	28	16	17	14	0	0	0	0	0	5	25	26	21	40	20	15	7	0	0	0	0	0	9	0	0	42	22	12	6	13	13	5	15	12	13	39	27	42	91	5	5	1	4	2	10	17	18	29	15	15	17	5	13	13	1	0	5	0	9	21
bn_ASV_000361	10	15	5	18	0	0	0	0	0	4	0	2	19	4	3	0	0	0	0	0	0	0	0	7	12	0	1	0	0	0	0	0	0	9	3	9	24	3	6	0	0	0	0	0	0	4	8	4	0	1	4	9	0	0	0	0	0	0	4	9	2	2	0	9	0	0	0	0	0	0	6	5	3	11	0	0	0	0	0	0	0	0	4	12	3	7	0	0	0	0	0	0	0	0	3	4	2	6	2	0	0	0	0	0	0	0	1	2	0	8	0	0	0	0	0	0	0	0	4	3
ep_ASV_00073	9	38	6	1	0	0	3	0	9	20	13	33	12	0	0	6	0	0	0	0	4	0	31	18	22	26	1	0	0	0	19	0	8	53	0	22	26	8	15	11	0	9	3	0	0	32	17	48	7	37	4	0	0	0	2	0	0	15	2	31	9	6	20	0	0	12	6	3	6	5	38	38	29	39	22	18	0	4	0	0	0	0	7	8	9	45	10	85	2	1	7	0	15	33	3	49	64	54	0	34	13	0	6	2	15	78	24	5	36	10	22	68	5	2	3	7	5	0	8	13
bp_ASV_000080	13	14	11	0	9	0	0	0	6	25	48	41	47	45	12	0	0	0	0	0	29	0	28	23	27	12	12	0	0	0	0	0	14	6	0	77	44	35	0	26	16	0	12	0	17	39	36	28	51	26	15	0	0	5	2	0	0	10	18	0	46	21	34	13	0	15	0	0	0	10	20	49	46	48	48	22	11	0	0	0	0	32	21	35	10	22	28	19	12	0	7	0	23	21	15	45	40	37	24	9	2	7	0	0	8	6	10	34	53	29	27	15	2	3	0	0	11	7	8	39
ep_ASV_00037	65	151	81	47	0	0	0	1	6	13	26	69	76	62	0	0	0	4	3	43	138	1	10	98	100	64	19	0	0	5	4	0	15	15	0	24	125	91	18	0	0	4	5	8	0	10	26	62	102	105	27	31	0	0	0	0	13	54	66	73	120	72	53	0	3	0	0	0	27	9	53	80	123	228	40	16	0	3	0	0	0	0	42	8	59	69	25	3	2	0	2	0	0	9	7	44	119	75	0	0	0	0	0	0	2	8	56	45	44	50	55	0	1	0	0	4	5	0	2	73
bp_ASV_000221	19	5	0	0	0	0	0	0	5	18	17	21	21	0	9	0	3	0	0	0	19	0	6	26	8	2	8	0	0	0	0	3	0	5	0	11	9	11	0	3	0	2	1	0	7	13	14	18	9	11	5	0	0	0	0	0	0	12	16	0	12	6	5	0	0	0	0	3	0	6	21	28	22	10	0	0	0	0	0	0	0	3	2	2	0	27	10	2	4	0	1	0	12	5	6	11	15	8	0	3	0	0	2	0	5	5	9	11	12	5	3	0	0	0	0	0	0	5	6	15
ep_ASV_00338	19	33	3	9	0	0	0	0	0	0	7	11	17	4	0	0	0	0	0	0	2	3	0	11	0	7	6	0	4	5	0	0	0	3	0	3	14	13	3	0	0	0	0	0	0	2	4	0	9	17	1	9	0	0	0	0	11	8	17	3	11	0	0	0	4	0	0	0	12	2	12	2	17	2	2	1	0	3	0	0	0	0	6	7	0	8	2	0	0	0	0	0	0	3	1	3	11	3	0	0	0	0	0	0	1	0	13	9	23	1	0	0	0	0	0	0	5	0	3	11
en_ASV_01234	12	22	10	4	0	0	0	0	0	0	8	5	19	13	7	0	0	0	0	0	0	0	8	9	16	0	14	0	0	0	0	0	0	0	6	4	3	1	0	0	0	0	0	0	0	0	1	4	5	3	5	0	0	0	0	0	0	3	10	11	15	0	0	15	9	11	0	0	0	0	10	6	11	21	1	2	8	4	0	0	0	0	5	5	8	6	2	4	2	3	0	0	0	0	4	6	4	5	1	0	3	1	0	0	0	0	2	7	0	0	3	0	0	0	0	0	0	0	0	5
ep_ASV_00081	32	22	52	14	0	0	0	0	0	0	4	30	38	4	0	0	0	0	0	0	72	26	11	34	16	3	20	0	0	0	0	0	0	0	0	1	12	5	5	51	0	0	0	0	0	0	2	3	3	2	34	0	0	0	0	0	0	0	8	44	5	36	52	0	0	0	0	0	0	0	0	39	39	40	243	0	0	0	0	0	0	63	0	4	13	45	135	68	0	0	0	0	0	0	0	6	20	67	0	9	0	0	0	0	0	0	0	74	4	8	29	28	3	0	0	0	0	0	0	8
ep_ASV_00127	42	12	7	17	0	0	0	0	10	29	1	19	45	5	0	0	0	0	0	0	20	0	0	68	43	11	5	0	0	0	0	0	0	1	0	12	28	37	6	0	0	0	0	0	0	0	13	0	12	19	4	22	0	0	0	0	0	7	17	23	12	0	16	0	0	0	0	0	1	0	29	32	20	29	15	1	0	0	0	0	0	14	1	1	16	9	12	17	0	0	0	0	0	0	4	18	46	18	0	0	0	0	0	8	1	2	15	15	0	4	7	0	4	0	0	0	0	0	1	22
bp_ASV_000348	11	10	2	0	0	0	0	0	0	8	9	17	18	0	0	0	0	0	0	0	0	0	1	10	22	4	4	0	0	0	0	0	0	2	0	0	11	8	0	1	0	0	0	0	0	0	11	10	9	0	5	0	0	5	0	0	0	0	9	0	7	0	7	0	0	0	0	0	0	0	0	14	21	13	13	0	0	0	0	0	0	0	11	18	5	20	0	2	1	0	0	0	0	0	6	0	8	12	0	2	0	0	0	0	0	1	2	7	8	8	10	0	0	0	0	0	0	0	1	7
ep_ASV_00087	17	0	12	0	0	0	0	0	0	0	3	58	18	0	0	0	0	0	0	0	8	0	0	16	26	22	0	0	0	0	0	0	0	0	0	31	12	8	0	0	0	0	0	0	0	0	24	0	91	17	8	0	0	0	0	0	0	0	45	19	16	0	11	0	0	0	0	0	0	0	19	2	7	18	12	5	35	0	0	0	0	0	379	227	78	13	3	7	0	0	0	0	0	0	6	0	50	17	0	0	0	0	0	0	0	0	0	24	79	21	9	27	8	0	0	0	0	0	18	34
ep_ASV_00413	31	29	3	1	0	0	0	0	1	5	2	7	34	0	0	0	0	7	0	0	3	0	1	2	27	1	0	0	0	0	2	0	0	2	0	3	15	18	3	0	0	0	2	3	0	0	2	0	5	20	12	0	0	0	0	0	0	2	5	11	6	0	3	0	0	0	0	0	0	2	2	5	40	6	9	4	0	5	0	0	0	0	0	0	0	3	0	0	0	0	1	0	0	0	3	0	9	4	0	0	0	0	0	0	0	0	2	0	0	3	2	0	0	0	0	0	0	0	0	11
bp_ASV_000361	13	8	0	12	0	0	0	0	0	5	6	6	12	3	3	0	0	0	0	0	8	0	0	6	6	0	4	0	0	0	0	0	0	1	0	13	16	0	0	0	0	0	0	0	0	0	0	5	3	7	13	19	0	5	0	0	0	0	7	0	0	3	0	13	0	0	0	0	0	0	19	13	0	28	0	0	1	0	0	0	0	0	7	16	5	5	5	0	0	0	0	0	0	0	0	6	9	3	0	0	0	0	0	0	0	0	1	10	16	16	3	0	0	0	0	0	0	0	2	6
bp_ASV_000402	0	5	0	0	0	0	0	0	0	0	4	7	9	17	0	0	0	0	0	0	29	8	0	7	10	11	4	0	0	0	0	0	0	0	0	0	15	15	10	1	0	0	0	0	0	0	5	4	19	0	4	10	0	2	0	0	0	0	0	0	10	12	9	0	0	0	0	0	0	0	0	12	40	14	11	0	0	0	0	0	0	0	3	0	5	11	13	7	0	0	0	0	0	0	0	7	9	13	0	0	0	0	0	0	0	0	5	8	5	3	8	0	4	0	0	0	0	0	0	5
ep_ASV_00246	16	0	4	0	0	0	0	0	0	0	8	7	28	0	0	0	0	0	0	0	5	0	0	40	5	5	4	0	0	0	0	0	0	0	0	0	30	37	3	0	0	0	0	0	0	0	9	47	20	8	14	7	0	0	0	0	0	0	17	26	29	30	10	0	0	0	0	0	0	0	3	43	36	17	0	0	0	0	0	0	0	0	0	2	8	3	1	0	0	0	0	0	0	0	0	4	13	18	0	0	0	0	0	2	0	0	8	15	27	3	10	0	0	0	0	0	0	0	4	15
ep_ASV_00350	0	95	0	7	0	0	0	0	0	0	6	13	0	0	0	0	0	0	0	0	2	0	0	13	0	13	30	0	1	0	0	0	0	0	0	17	6	5	10	1	0	0	0	0	0	1	4	0	6	34	2	8	0	0	0	0	0	0	4	7	12	21	6	0	0	0	0	0	0	0	16	10	3	3	1	9	0	0	0	0	0	0	0	0	3	20	5	2	0	0	0	0	0	0	4	12	3	8	0	0	0	0	0	0	0	0	28	6	0	3	4	3	0	0	0	0	0	0	6	1
bp_ASV_000406	1	0	0	0	0	0	0	0	3	8	10	10	0	0	4	0	0	0	0	0	0	0	4	10	11	0	0	0	0	0	0	0	0	0	0	0	3	3	0	2	0	0	0	0	0	0	7	21	4	6	0	0	0	0	0	0	0	0	25	0	12	0	0	0	0	0	0	0	0	0	18	10	0	8	0	0	0	0	0	0	0	0	9	1	0	5	2	0	0	0	0	0	0	3	3	5	10	1	0	0	0	0	0	0	1	0	5	11	6	4	3	0	0	0	0	0	0	0	2	12
bp_ASV_000511	4	0	0	0	0	0	0	0	5	2	22	7	4	7	0	0	0	0	0	0	3	0	7	9	5	0	0	0	0	0	0	0	0	0	0	0	5	10	0	0	0	0	0	0	0	0	2	2	4	0	0	0	0	0	0	0	0	0	14	0	5	0	0	0	0	6	0	0	0	0	13	13	12	3	0	0	0	0	0	0	0	0	5	0	0	5	2	0	0	0	0	0	0	0	0	0	1	7	0	1	0	0	0	0	0	2	8	7	2	0	2	1	1	0	0	0	0	0	2	6
bn_ASV_000136	13	0	0	0	0	0	0	4	9	20	11	0	0	0	0	0	0	0	0	0	2	11	0	25	0	0	0	0	0	0	0	10	39	22	13	15	25	0	0	0	0	0	0	65	16	35	9	6	1	5	0	0	0	0	0	4	56	24	5	12	6	6	0	0	0	0	2	10	31	6	28	11	7	5	0	0	0	0	0	11	30	22	16	15	3	4	0	0	0	0	3	11	27	28	11	5	11	8	0	0	0	0	0	0	61	57	4	4	8	11	0	0	0	0	0	0	34	19	20	5
bn_ASV_000190	0	0	0	0	0	0	0	0	0	0	0	0	0	0	0	0	2	0	0	0	0	0	0	7	0	0	0	0	0	0	5	1	1	5	4	0	0	0	0	0	0	0	9	2	0	0	0	0	0	0	0	0	2	0	0	0	0	2	0	0	0	1	2	0	0	0	0	0	0	0	0	0	0	0	0	0	0	0	48	3	5	1	3	2	7	19	1	1	6	7	121	6	4	5	5	3	16	36	7	1	7	6	213	4	4	0	3	2	43	98	13	0	10	22	256	51	28	22	16	14
bp_ASV_000163	0	0	0	0	0	0	4	5	11	12	27	3	4	0	19	8	9	31	0	0	0	0	11	3	2	0	0	0	0	0	0	4	36	21	0	14	6	0	0	0	0	0	13	11	18	21	7	2	0	0	0	0	0	0	0	7	7	15	3	0	0	0	0	0	0	0	3	18	30	14	13	8	0	2	0	0	0	0	1	5	28	41	11	9	0	0	0	0	1	0	12	14	57	41	3	13	5	1	36	0	0	0	4	31	43	23	21	14	5	1	0	0	0	2	0	2	37	46	11	8
en_ASV_00161	0	0	0	0	0	0	8	11	4	56	23	6	0	0	0	0	0	0	0	0	0	56	23	17	0	0	0	0	0	0	0	0	6	97	10	0	7	0	0	0	0	0	0	15	11	10	7	0	0	0	0	0	0	0	0	13	14	24	2	4	0	0	0	0	0	0	5	10	88	33	41	0	0	0	0	0	0	0	0	19	173	169	17	10	6	3	0	0	0	0	0	20	394	488	32	11	17	2	0	0	0	0	2	43	176	993	49	23	10	7	0	0	0	0	0	3	1334	1324	91	16
en_ASV_00385	0	0	4	0	19	0	0	0	0	0	0	0	0	0	0	0	0	28	62	14	0	0	23	30	0	0	0	0	0	0	74	0	38	0	25	0	0	0	8	0	0	0	0	0	1	12	0	0	0	0	0	8	0	0	222	0	43	0	4	27	0	0	0	0	0	0	10	6	117	47	10	0	21	0	0	0	0	7	31	45	84	23	4	17	6	0	0	0	0	20	16	117	73	29	5	19	3	0	0	4	0	29	9	335	135	0	2	40	0	0	0	3	0	31	0	0	32	72	0	0
en_ASV_00518	0	0	2	0	1	0	0	4	0	0	0	0	0	0	0	0	0	3	12	6	0	0	23	2	0	0	0	0	0	0	22	0	16	0	40	0	0	0	11	0	0	0	0	0	2	163	0	0	0	0	0	126	0	0	24	0	5	0	28	9	0	0	0	0	0	0	82	3	22	12	86	0	0	0	0	0	0	0	32	4	29	46	35	3	0	0	0	9	0	3	17	22	55	45	16	2	0	0	0	11	0	11	5	41	158	0	9	5	0	0	0	0	0	5	0	0	21	22	0	0
bn_ASV_000272	0	0	0	0	0	0	0	0	0	0	0	0	0	0	0	0	0	0	0	0	0	0	0	0	0	0	0	0	0	0	0	0	0	0	0	0	0	0	0	0	0	0	0	0	0	0	0	0	0	0	0	0	0	0	0	0	0	0	0	0	0	0	0	0	0	0	0	0	0	0	0	0	0	0	0	0	1	2	9	2	6	2	5	2	3	3	2	1	1	11	30	6	25	3	12	3	13	18	5	0	3	35	53	4	51	0	2	1	53	48	21	2	3	69	48	22	22	24	47	26
bp_ASV_000146	26	7	9	0	10	0	5	5	6	11	24	21	18	16	13	15	0	16	0	0	22	0	16	24	26	14	10	0	2	15	9	16	0	10	0	36	21	5	0	11	0	0	16	3	0	6	10	22	22	29	16	0	9	8	0	4	8	10	12	0	20	8	9	0	0	8	0	0	0	0	21	17	20	18	18	10	8	15	0	0	8	14	25	18	7	20	12	0	3	0	0	0	0	6	7	14	16	14	16	4	3	6	1	5	5	11	27	21	25	22	16	6	2	1	2	0	12	3	9	16
en_ASV_00751	3	8	0	4	0	0	5	12	0	14	15	5	0	6	0	4	0	0	0	0	0	0	0	7	0	0	8	0	0	1	0	0	0	0	0	0	7	9	3	0	0	0	8	0	0	11	20	19	14	9	3	0	0	0	0	0	8	28	19	10	11	5	6	0	0	0	0	0	0	10	7	12	19	6	34	6	0	0	2	0	2	10	17	13	3	6	21	2	0	0	2	0	1	10	26	7	3	10	24	1	0	0	0	0	0	0	36	11	0	10	11	0	0	0	0	0	0	0	0	5
bn_ASV_000009	48	0	218	0	125	0	0	0	51	47	44	41	99	73	355	227	384	108	20	0	71	60	0	56	93	39	59	0	1029	258	0	14	4	15	25	46	75	72	83	124	56	47	26	13	0	0	27	131	98	220	159	134	259	299	32	62	25	8	67	95	45	36	517	97	63	213	17	9	0	13	41	5	50	85	246	722	260	209	14	24	4	21	51	74	57	156	300	564	349	221	27	30	7	29	60	131	109	316	436	644	731	277	41	45	15	60	72	192	289	573	616	748	1069	300	42	9	37	19	23	98
bn_ASV_000475	1	10	3	12	0	0	0	0	0	0	0	0	0	6	0	11	9	0	0	0	0	0	0	1	0	6	3	11	0	4	0	0	0	0	0	4	15	3	11	6	1	0	0	0	0	0	0	1	2	1	3	6	4	7	0	0	0	0	0	5	0	2	2	15	0	3	0	0	0	0	0	0	0	0	4	0	1	3	0	0	0	0	1	1	0	0	11	9	9	2	0	0	0	0	1	3	0	1	6	6	18	1	0	0	0	1	3	8	0	2	12	4	19	0	0	0	0	0	6	4
bn_ASV_000091	17	26	12	11	0	0	0	0	16	12	0	22	45	6	28	20	0	4	7	0	12	0	0	13	27	5	5	0	0	7	0	4	11	8	9	9	10	8	0	21	22	11	10	9	26	17	11	19	23	3	6	0	0	0	7	6	12	16	21	12	32	17	11	13	0	7	3	14	6	21	20	32	25	37	15	5	3	3	4	13	9	9	20	23	24	22	18	8	0	3	2	4	6	9	11	23	20	13	7	6	0	1	0	0	0	0	10	8	0	0	0	0	0	0	0	0	0	0	10	9
bn_ASV_000289	14	0	0	0	0	0	0	0	9	8	5	0	5	0	0	0	0	0	0	0	0	0	0	14	10	0	0	0	0	0	0	2	6	2	8	11	14	3	0	0	5	3	8	5	6	9	8	9	17	5	1	0	0	0	0	0	0	8	3	12	3	6	1	0	0	3	3	0	0	5	13	30	3	7	5	0	2	1	1	1	2	1	6	11	9	4	2	0	2	2	1	0	0	3	4	7	11	2	1	0	0	2	0	0	0	0	4	1	0	0	3	0	0	0	0	0	0	0	11	3
bn_ASV_000007	162	126	94	229	8	0	0	18	93	132	0	131	230	131	91	244	147	154	135	67	119	39	173	15	144	151	115	21	191	101	88	61	80	57	60	70	60	124	132	121	253	127	78	48	116	66	117	112	159	65	107	191	65	41	65	38	84	134	140	94	139	97	138	203	20	106	57	86	20	135	145	191	166	284	191	112	98	91	72	57	47	86	94	137	119	165	140	135	105	85	39	44	27	45	87	101	119	129	104	88	14	48	13	0	0	0	76	68	12	26	25	0	0	0	0	12	10	9	68	132
bn_ASV_000008	124	105	74	128	2	0	0	0	67	128	0	127	205	108	99	158	85	147	95	60	100	29	167	19	125	111	95	10	96	85	74	58	62	87	72	76	47	113	39	101	243	97	66	44	178	77	150	113	155	58	98	162	48	40	80	23	44	114	110	98	142	93	110	164	20	101	48	71	6	113	148	173	140	181	155	81	84	106	45	55	43	86	120	140	107	125	112	85	77	67	32	44	23	35	90	116	85	73	93	75	29	40	14	0	0	0	72	70	8	16	21	0	16	0	0	11	5	2	95	105
bn_ASV_000046	30	0	11	53	0	0	0	0	0	24	0	25	45	27	0	67	24	18	0	0	0	0	0	0	40	20	33	0	8	12	0	0	0	0	13	11	12	36	16	0	29	13	12	0	10	0	28	24	32	18	32	67	17	0	0	0	0	11	24	24	32	33	46	47	0	26	7	9	0	0	23	24	29	39	54	17	20	19	8	5	2	1	25	21	28	28	41	33	12	15	2	4	1	3	16	22	23	21	29	19	5	10	0	0	0	0	14	22	0	0	0	0	0	0	0	0	0	0	14	30
bn_ASV_000115	0	0	3	18	0	0	0	0	0	22	0	0	0	9	0	0	8	14	0	0	0	0	0	0	13	13	15	0	17	4	0	2	3	12	9	7	4	15	0	0	25	7	10	0	11	0	14	10	13	3	15	17	0	0	3	0	3	8	22	13	15	19	15	33	0	19	11	12	0	14	17	20	14	26	19	0	4	14	4	7	2	12	19	18	23	11	8	6	5	7	3	2	3	4	12	13	7	7	14	8	0	6	2	0	0	0	5	4	0	0	0	0	0	0	0	0	0	0	10	11
bn_ASV_000240	7	0	7	2	0	0	0	0	0	7	0	4	12	5	17	0	5	0	0	0	0	0	0	0	8	3	3	0	5	0	6	0	9	0	6	6	1	1	0	0	10	6	4	2	9	0	9	10	12	7	2	0	1	0	0	0	1	12	11	6	16	10	7	17	0	5	1	9	0	11	5	11	17	29	8	3	4	1	3	3	1	9	5	8	7	9	2	4	2	4	0	3	2	3	7	11	6	3	4	2	3	0	0	0	0	0	2	3	0	0	0	0	0	0	0	0	0	0	10	2
bn_ASV_000223	6	0	2	12	0	0	0	0	0	0	0	0	0	1	0	0	0	0	0	0	1	0	0	0	0	0	3	0	0	0	0	0	3	0	3	5	6	9	0	0	3	7	4	4	0	0	10	3	13	7	10	14	0	0	0	0	0	0	13	11	12	7	0	21	0	5	0	0	0	0	4	11	9	10	7	0	0	0	1	1	0	0	10	7	8	6	6	4	1	3	1	1	1	0	6	8	6	9	3	1	0	2	0	0	0	0	19	8	0	9	0	0	0	5	0	0	8	0	15	12
bp_ASV_000002	266	408	1072	627	974	104	122	41	168	174	245	299	317	269	132	167	181	131	477	295	392	351	237	224	253	529	245	162	237	245	430	179	513	248	0	335	295	355	455	768	542	226	234	94	185	259	165	218	321	445	306	450	356	234	166	75	132	109	224	99	236	182	356	374	521	297	65	189	127	83	149	127	251	326	690	462	107	214	50	0	74	107	140	121	44	390	608	381	502	76	212	148	154	112	278	339	277	338	179	343	368	188	80	136	152	187	232	288	310	261	405	451	448	270	88	167	214	39	155	252
bp_ASV_000007	144	159	337	349	294	74	73	48	166	181	144	194	276	116	124	118	227	138	242	291	182	207	186	172	140	246	116	93	257	158	229	143	163	365	36	136	230	201	226	211	359	247	190	131	184	227	147	146	174	258	109	184	96	151	186	126	106	96	165	10	162	97	141	292	334	129	85	101	125	105	151	130	252	221	285	171	113	98	27	0	20	20	70	59	18	165	160	211	217	74	117	107	142	122	213	252	157	228	314	60	192	167	77	165	136	176	139	179	143	93	177	104	304	359	58	153	120	41	75	180
bp_ASV_000004	259	292	694	390	510	123	155	79	237	204	263	329	393	206	213	245	217	141	136	202	354	196	200	257	233	297	124	66	185	179	236	259	178	421	0	266	323	340	287	345	486	341	259	148	269	292	220	305	325	386	194	315	181	148	225	83	82	123	305	314	243	171	261	269	328	227	103	143	133	111	200	155	397	271	463	294	122	230	45	0	28	75	127	89	45	269	335	235	476	92	391	202	271	262	449	451	312	356	124	165	282	435	175	303	214	241	240	342	275	221	307	229	254	281	97	209	105	60	151	310
bp_ASV_000008	99	101	187	189	139	65	68	40	159	176	129	157	210	62	127	140	218	119	151	198	119	128	169	189	141	170	56	46	113	121	163	146	122	278	0	144	197	129	132	136	296	209	171	133	203	232	132	119	176	162	73	142	70	90	153	94	65	97	147	96	142	80	96	231	260	99	74	94	97	105	141	119	203	162	196	133	66	113	31	0	12	32	66	76	12	131	129	173	228	85	169	152	159	192	208	219	146	204	238	59	163	200	74	145	158	191	134	158	140	98	140	70	268	331	35	122	96	40	87	179
bp_ASV_000046	35	37	109	81	73	0	0	0	17	21	53	38	51	40	14	0	10	0	33	0	52	46	30	46	40	86	27	0	0	9	11	0	0	39	0	0	35	47	38	62	57	0	16	0	0	19	23	23	39	45	37	56	33	35	0	0	0	0	40	0	20	0	46	58	61	0	0	0	0	0	0	15	0	36	89	52	0	0	0	0	0	0	21	0	0	41	65	34	23	0	14	0	0	9	40	37	22	43	9	29	37	0	7	0	7	8	22	29	34	28	34	37	42	40	8	3	4	0	10	31
ep_ASV_00007	112	122	194	335	74	0	0	0	0	0	0	173	87	19	0	0	0	0	0	0	59	0	38	97	24	367	18	14	0	161	0	0	0	0	0	24	123	152	46	965	42	107	0	0	0	0	74	0	61	158	39	364	268	19	0	0	0	0	43	168	64	38	398	235	372	26	0	0	0	0	79	81	110	172	150	866	0	145	0	0	0	0	45	30	21	304	262	0	0	0	0	0	0	0	30	23	64	91	0	98	33	0	0	0	0	0	38	94	89	74	45	309	0	0	0	0	0	0	0	84
bn_ASV_000006	128	127	75	177	5	0	65	11	80	109	10	170	189	107	57	132	106	132	114	173	201	64	196	66	179	104	72	14	160	185	275	132	155	107	103	137	74	139	112	53	158	119	118	63	190	77	127	100	84	73	58	91	33	22	135	57	190	183	202	107	134	76	85	80	18	84	150	189	21	256	225	163	199	255	142	39	62	83	102	133	94	139	180	151	145	137	102	45	39	68	65	89	51	92	129	121	109	101	71	30	15	31	27	0	0	12	129	71	0	18	8	2	7	0	3	0	31	21	115	133
bn_ASV_000010	87	119	51	82	0	6	88	0	77	99	24	158	167	87	56	65	82	119	119	269	128	67	149	32	117	61	51	17	70	103	198	75	158	74	88	116	58	108	55	62	142	73	93	83	240	74	108	90	82	69	60	71	17	18	148	65	196	180	178	92	125	86	63	75	14	78	94	140	12	208	138	125	132	144	72	19	39	58	106	94	88	123	130	112	122	91	58	53	31	45	59	78	61	70	109	99	83	80	36	19	7	31	25	8	12	0	75	45	0	8	11	0	0	0	0	20	23	0	86	94
bn_ASV_000095	39	14	5	18	0	0	15	0	0	13	0	21	16	10	0	0	7	14	17	25	22	0	33	0	22	14	9	0	4	4	13	17	8	5	9	5	13	13	0	0	17	20	37	20	36	5	14	9	5	0	0	0	0	2	4	10	15	16	24	7	11	8	10	5	4	3	34	56	6	13	21	13	11	10	11	7	9	4	24	40	8	8	15	7	11	2	10	3	2	4	18	35	4	6	11	16	9	7	4	3	1	3	6	7	0	0	7	14	0	2	0	0	0	0	0	0	0	0	7	17
bn_ASV_000018	142	10	19	0	0	0	0	0	131	235	197	148	128	16	37	0	0	0	0	0	34	53	86	18	61	12	3	0	0	0	0	1	40	205	50	81	173	85	5	33	72	78	28	26	158	199	205	169	122	11	0	0	0	0	0	10	36	100	73	139	58	19	43	0	0	36	28	51	3	187	194	102	135	56	10	0	15	39	21	29	29	127	121	101	109	30	20	1	13	34	15	17	24	55	76	71	86	23	15	0	0	8	2	0	0	0	43	35	15	2	6	0	0	0	0	0	0	0	35	60
bn_ASV_000256	2	2	0	0	0	0	12	0	11	4	12	25	0	1	0	0	0	0	6	0	1	16	6	0	9	2	0	0	0	0	3	4	4	4	3	4	5	2	0	0	0	5	7	6	35	22	23	10	0	0	0	0	0	0	0	1	4	18	19	16	15	2	0	0	0	3	5	14	0	28	3	14	9	0	0	0	0	5	3	8	4	8	8	9	10	1	0	0	0	0	4	7	5	3	6	6	8	0	0	0	0	1	0	0	0	0	5	1	0	0	0	0	0	0	0	0	0	0	1	2
bn_ASV_000134	0	0	0	0	0	0	0	0	24	31	0	16	0	1	0	0	0	0	6	0	0	27	0	0	5	0	0	0	0	0	0	4	57	7	15	11	4	1	0	0	0	0	4	13	42	45	9	7	12	0	0	0	0	0	0	8	37	24	14	8	5	0	0	0	0	0	8	15	5	36	5	4	0	0	0	0	0	0	4	23	22	15	7	7	3	0	0	0	0	0	8	15	8	8	15	6	4	0	0	0	0	0	0	0	0	0	11	4	0	0	0	0	0	0	0	0	11	9	15	13
bp_ASV_000018	260	21	12	0	0	0	0	0	210	316	89	333	259	44	138	0	0	0	0	0	64	0	66	117	97	11	0	0	0	0	0	0	70	242	0	100	222	91	0	44	59	108	29	57	208	293	254	364	234	22	11	0	0	1	6	14	75	149	203	143	111	17	93	5	0	37	37	79	126	199	613	141	190	76	0	12	0	0	0	0	0	11	68	43	12	19	12	27	11	7	10	30	110	109	8	79	122	95	28	5	0	0	0	0	69	159	106	80	79	30	18	1	0	0	0	6	51	7	28	100
bn_ASV_000020	26	0	18	0	0	0	0	29	264	131	73	148	59	6	41	0	0	0	23	53	91	221	90	46	36	0	5	0	0	0	0	60	108	184	114	134	185	15	0	0	27	30	83	259	111	72	54	93	83	31	10	0	0	0	29	150	148	225	65	10	33	8	11	0	0	0	11	68	111	190	101	48	47	9	8	8	2	6	18	138	121	185	99	83	85	34	15	5	3	5	8	155	102	203	100	119	130	68	40	8	0	17	4	261	59	157	112	180	323	127	80	21	0	32	0	0	120	196	99	114
bn_ASV_000179	0	0	8	0	0	0	0	0	35	27	183	29	6	5	7	0	0	0	0	0	3	15	11	59	18	1	0	0	0	4	0	0	0	62	40	46	24	4	10	0	0	6	0	0	2	19	26	24	8	7	5	0	0	12	0	0	0	11	30	27	4	5	2	0	0	11	3	1	0	5	16	13	9	4	4	7	0	6	0	1	1	19	30	10	8	2	3	2	1	6	0	0	0	6	20	17	10	4	4	3	0	2	1	0	0	0	31	8	0	1	0	0	0	0	0	0	0	0	11	5
bn_ASV_000141	0	0	0	0	0	0	0	5	75	71	0	56	0	0	0	0	0	0	0	0	16	61	0	0	0	0	0	0	0	0	0	11	22	93	17	14	9	0	0	0	0	0	0	16	9	10	18	5	4	0	0	0	0	0	18	0	13	78	7	8	10	0	0	0	0	0	0	1	17	11	10	9	7	0	0	0	0	0	0	4	13	46	19	21	6	2	0	0	0	0	1	2	18	27	9	15	12	3	0	0	0	0	0	0	0	14	16	31	19	3	0	0	0	0	0	0	40	66	8	6
bp_ASV_000136	0	0	0	0	0	0	0	0	4	8	19	0	0	0	23	4	0	0	0	0	0	0	11	13	6	0	0	0	0	0	0	3	41	3	0	0	6	0	0	0	0	0	0	21	15	19	12	5	0	0	0	0	0	0	0	14	55	38	11	104	0	0	0	0	0	0	0	13	44	12	41	20	0	0	0	0	0	0	0	0	96	20	17	4	2	3	0	0	0	0	0	13	41	10	20	15	15	4	0	0	0	0	0	0	16	46	2	3	16	13	0	0	0	0	0	0	63	14	17	3
en_ASV_01121	5	11	3	11	0	2	0	0	0	0	0	0	0	11	0	58	0	0	0	0	0	0	0	7	7	0	11	0	0	0	0	0	0	0	0	0	27	12	21	0	0	0	0	0	0	0	0	0	9	8	0	8	0	0	0	0	0	0	0	13	0	0	0	23	22	31	0	0	0	0	0	0	0	22	0	0	10	11	0	0	0	0	2	9	6	13	2	7	7	7	0	0	0	0	2	0	6	14	3	2	1	3	0	0	0	0	7	0	4	19	4	0	0	0	0	0	0	0	0	0
bp_ASV_000240	2	3	5	0	0	0	0	0	0	4	6	12	10	4	1	0	7	0	0	0	11	0	1	8	8	0	6	0	0	0	0	0	6	5	0	0	5	9	8	7	0	0	8	0	0	11	14	9	6	19	2	0	0	2	0	0	0	0	8	0	11	9	3	11	0	0	0	0	0	0	0	12	30	15	7	2	0	0	0	0	0	0	3	0	0	13	6	7	2	0	0	0	10	15	5	18	11	15	21	0	2	0	0	0	10	5	3	9	1	5	5	0	4	9	0	0	6	0	3	15
bp_ASV_000331	17	6	12	0	0	0	0	0	0	6	15	10	6	12	1	3	0	0	0	0	14	0	7	10	6	8	0	0	0	3	0	0	0	2	0	34	9	7	0	2	4	0	1	0	0	0	7	6	11	19	0	0	1	3	0	0	0	0	6	0	9	0	9	0	0	0	0	0	0	2	7	12	0	10	0	6	7	0	0	0	0	8	4	12	5	5	5	0	0	0	2	3	0	0	6	10	10	1	3	0	0	1	0	0	5	3	8	5	8	17	4	2	0	4	0	0	2	0	4	5
bp_ASV_000020	27	3	0	0	0	0	11	44	189	112	7	33	35	0	32	0	6	59	0	0	0	0	41	15	32	0	0	0	0	0	0	25	55	73	577	159	50	0	0	0	0	52	53	182	144	44	65	51	55	0	0	0	0	5	27	118	172	209	62	0	40	8	20	0	0	0	0	109	34	180	63	17	0	9	0	0	0	0	9	136	92	31	108	230	30	17	0	12	0	0	19	107	88	75	25	20	51	23	0	5	0	0	10	58	54	104	72	34	76	79	19	13	0	16	0	25	61	121	108	40
en_ASV_00075	7	13	3	42	8	10	12	46	268	102	115	0	0	4	1	0	0	51	0	3254	0	100	572	25	0	0	0	0	0	15	0	6	50	0	15	133	1	0	5	62	10	17	4	21	0	426	142	2	0	0	48	13	11	14	198	40	299	201	2	12	0	0	0	1	2	4	1	826	0	241	67	5	0	0	0	0	3	14	37	350	37	252	39	8	0	0	2	9	5	9	22	211	18	176	32	2	0	0	0	1	2	1	10	0	0	0	15	0	0	0	0	0	0	0	0	0	1	0	0	0
bp_ASV_000009	44	9	33	0	105	24	23	0	74	34	8	0	40	0	4	0	0	0	6	0	0	12	30	34	80	29	0	0	52	134	0	0	0	17	197	0	16	59	11	223	43	106	16	21	0	0	27	59	89	61	24	66	514	393	25	53	19	13	19	0	26	22	478	89	140	292	0	0	0	10	0	0	22	46	189	853	409	58	35	0	20	85	611	172	81	109	215	451	51	8	17	14	34	0	7	0	23	37	0	768	26	75	41	0	9	25	39	55	92	275	192	940	325	181	46	14	11	25	34	40
bp_ASV_000097	0	0	0	0	7	35	23	10	12	9	20	0	0	19	23	56	48	70	0	0	0	0	23	0	0	0	0	0	0	26	50	16	53	14	0	0	0	0	0	0	0	29	41	20	0	0	0	0	0	0	0	0	0	11	17	26	0	20	0	0	0	0	0	0	0	39	55	39	0	21	0	0	0	0	0	0	0	76	17	0	0	34	0	0	0	0	8	0	47	15	94	27	21	12	17	13	9	0	0	0	0	46	24	37	17	18	14	0	10	7	7	0	0	0	16	18	25	16	5	8
en_ASV_00198	8	8	4	0	5	1	52	0	67	48	37	11	0	2	0	0	17	20	102	15	0	36	39	0	0	0	29	0	4	22	113	56	24	52	0	0	0	0	0	24	37	148	1	17	0	41	18	6	5	0	0	0	0	0	7	4	15	19	0	8	1	0	0	0	0	0	18	13	14	0	0	6	6	16	23	2	13	13	46	71	10	29	12	4	7	6	10	6	8	8	101	144	27	34	9	5	2	2	11	6	0	5	153	412	41	39	9	12	3	4	10	2	0	17	157	43	17	110	35	0
en_ASV_00594	0	0	1	13	64	12	0	0	0	4	0	0	0	0	0	0	0	11	0	0	0	0	0	0	0	0	0	4	3	9	5	0	0	0	0	0	4	3	4	43	5	33	8	3	0	17	0	0	0	0	0	5	157	10	11	0	0	10	0	4	0	0	0	0	0	0	2	2	0	2	0	0	0	0	0	55	38	2	1	2	0	6	2	0	0	0	0	20	28	2	1	0	0	4	0	0	0	0	0	14	22	0	1	0	0	0	0	0	0	0	0	0	0	0	0	0	0	0	0	0
bp_ASV_000127	0	6	0	0	0	89	11	69	9	4	13	0	0	6	106	61	8	23	0	0	0	0	8	0	0	0	0	0	0	0	0	35	3	1	0	9	0	0	0	0	0	0	6	7	5	7	11	0	0	0	0	0	0	0	0	125	7	27	10	0	0	0	0	0	0	0	63	0	22	26	16	2	0	0	0	0	0	0	9	52	14	35	1	0	0	0	0	0	0	4	13	37	68	18	15	2	2	0	0	0	1	0	0	11	37	35	0	0	0	0	0	0	0	0	2	0	12	4	4	0
bp_ASV_000003	200	197	412	197	291	126	211	105	284	239	346	312	288	126	234	285	336	185	85	234	218	128	270	233	166	233	114	40	78	163	243	318	173	418	0	344	301	217	137	202	436	417	326	191	416	475	206	221	283	278	117	157	133	126	297	86	100	179	253	549	186	132	173	161	220	229	169	204	203	131	186	126	292	211	292	179	94	376	79	42	61	84	100	95	25	208	196	147	559	111	628	297	320	400	421	465	298	289	231	145	201	549	251	454	316	283	256	316	259	213	240	184	156	288	104	259	136	90	191	347
ep_ASV_00353	1	16	6	0	0	0	0	0	3	0	10	4	1	0	0	0	0	0	0	0	2	0	10	2	0	2	0	0	0	4	0	0	0	10	0	5	4	0	1	0	0	11	0	0	0	6	13	5	1	11	1	0	0	0	0	0	0	2	0	6	3	0	10	0	0	0	0	0	0	2	6	9	1	2	4	4	1	0	0	0	0	0	1	0	0	11	2	11	5	1	6	0	0	10	1	2	35	14	0	0	0	0	0	0	13	12	6	10	24	1	3	11	0	0	0	0	0	0	3	1
bn_ASV_000265	5	0	1	0	1	2	0	0	13	22	0	8	5	4	0	0	1	0	0	0	0	0	0	69	7	1	3	0	0	0	0	0	3	13	16	17	8	3	0	0	0	2	1	0	0	2	4	20	5	12	5	5	2	11	3	0	0	1	18	7	4	1	1	0	2	3	0	0	0	1	5	8	5	0	9	2	2	4	0	0	1	13	16	11	7	9	3	10	5	5	0	0	6	19	24	15	10	13	9	28	7	5	0	0	6	41	24	26	30	39	5	35	11	0	0	0	5	24	30	12
en_ASV_00329	5	4	0	0	1	0	9	0	32	81	39	30	0	1	0	0	0	2	21	18	0	15	39	0	0	0	0	0	0	18	0	19	29	66	0	0	0	0	0	0	3	29	4	6	0	128	36	8	9	0	0	0	0	0	18	7	12	103	0	21	46	0	0	0	0	0	21	13	4	0	0	56	15	9	13	6	1	4	28	28	9	68	20	18	29	6	9	4	0	1	39	36	13	74	26	18	33	8	2	6	0	2	60	114	16	66	24	6	37	3	0	14	0	5	65	2	23	97	74	0
en_ASV_01088	0	4	0	3	13	3	0	0	0	0	4	0	0	1	0	4	0	5	0	0	0	11	0	0	0	0	0	1	4	6	2	0	0	5	0	0	2	3	1	9	0	12	3	2	0	5	0	0	0	0	0	1	84	10	3	0	6	5	6	4	0	0	0	0	0	0	0	5	0	3	11	0	0	0	0	25	14	2	0	1	1	2	2	0	0	0	0	17	16	3	0	0	0	3	0	1	0	0	0	8	10	1	0	0	0	0	0	0	0	0	0	0	0	0	0	0	0	0	0	0
